ImageNumber,ObjectNumber,AreaShape_Area,AreaShape_EquivalentDiameter,ImagePath,Day,Well,Tile,z,Condition
1,1,69393.21832,297.2443266,/app/data/Plaque 2 test/D21_A1.jpg,D21,A1,,,
1,2,60636.52588,277.8575581,/app/data/Plaque 2 test/D21_A1.jpg,D21,A1,,,
1,3,61237.35872,279.2307768,/app/data/Plaque 2 test/D21_A1.jpg,D21,A1,,,
1,4,62522.30815,282.1451314,/app/data/Plaque 2 test/D21_A1.jpg,D21,A1,,,
1,5,55104.1047,264.878699,/app/data/Plaque 2 test/D21_A1.jpg,D21,A1,,,
1,6,50928.01904,254.644002,/app/data/Plaque 2 test/D21_A1.jpg,D21,A1,,,
1,7,49982.15348,252.268219,/app/data/Plaque 2 test/D21_A1.jpg,D21,A1,,,
1,8,69577.63236,297.6390313,/app/data/Plaque 2 test/D21_A1.jpg,D21,A1,,,
1,9,62444.97323,281.9705823,/app/data/Plaque 2 test/D21_A1.jpg,D21,A1,,,
1,10,57953.59905,271.6409654,/app/data/Plaque 2 test/D21_A1.jpg,D21,A1,,,
1,11,54818.56038,264.1915193,/app/data/Plaque 2 test/D21_A1.jpg,D21,A1,,,
1,12,43515.76443,235.3847745,/app/data/Plaque 2 test/D21_A1.jpg,D21,A1,,,
1,13,46650.80309,243.7163255,/app/data/Plaque 2 test/D21_A1.jpg,D21,A1,,,
1,14,80749.55384,320.6454821,/app/data/Plaque 2 test/D21_A1.jpg,D21,A1,,,
1,15,48245.09221,247.8458376,/app/data/Plaque 2 test/D21_A1.jpg,D21,A1,,,
1,16,60713.8608,278.0346893,/app/data/Plaque 2 test/D21_A1.jpg,D21,A1,,,
1,17,46603.21237,243.5919804,/app/data/Plaque 2 test/D21_A1.jpg,D21,A1,,,
1,18,50630.57704,253.8992967,/app/data/Plaque 2 test/D21_A1.jpg,D21,A1,,,
1,19,42605.59191,232.910121,/app/data/Plaque 2 test/D21_A1.jpg,D21,A1,,,
1,20,48459.25045,248.3953179,/app/data/Plaque 2 test/D21_A1.jpg,D21,A1,,,
1,21,45252.8257,240.0368455,/app/data/Plaque 2 test/D21_A1.jpg,D21,A1,,,
1,22,48155.85961,247.6165276,/app/data/Plaque 2 test/D21_A1.jpg,D21,A1,,,
1,23,61677.57287,280.2326262,/app/data/Plaque 2 test/D21_A1.jpg,D21,A1,,,
1,24,75038.66746,309.0990113,/app/data/Plaque 2 test/D21_A1.jpg,D21,A1,,,
1,25,64991.07674,287.6616223,/app/data/Plaque 2 test/D21_A1.jpg,D21,A1,,,
1,26,58256.98989,272.3510662,/app/data/Plaque 2 test/D21_A1.jpg,D21,A1,,,
1,27,56466.38905,268.1328766,/app/data/Plaque 2 test/D21_A1.jpg,D21,A1,,,
1,28,54265.31826,262.8549964,/app/data/Plaque 2 test/D21_A1.jpg,D21,A1,,,
1,29,46049.97026,242.1417832,/app/data/Plaque 2 test/D21_A1.jpg,D21,A1,,,
1,30,78114.21773,315.3698004,/app/data/Plaque 2 test/D21_A1.jpg,D21,A1,,,
1,31,51284.94943,255.5347837,/app/data/Plaque 2 test/D21_A1.jpg,D21,A1,,,
1,32,65205.23498,288.135183,/app/data/Plaque 2 test/D21_A1.jpg,D21,A1,,,
1,33,56918.50089,269.2041719,/app/data/Plaque 2 test/D21_A1.jpg,D21,A1,,,
1,34,49833.43248,251.8926297,/app/data/Plaque 2 test/D21_A1.jpg,D21,A1,,,
1,35,49791.7906,251.7873643,/app/data/Plaque 2 test/D21_A1.jpg,D21,A1,,,
1,36,48822.12968,249.3236174,/app/data/Plaque 2 test/D21_A1.jpg,D21,A1,,,
1,37,49708.50684,251.5767013,/app/data/Plaque 2 test/D21_A1.jpg,D21,A1,,,
1,38,49904.81856,252.0729824,/app/data/Plaque 2 test/D21_A1.jpg,D21,A1,,,
1,39,64574.65794,286.738571,/app/data/Plaque 2 test/D21_A1.jpg,D21,A1,,,
1,40,56210.58894,267.5248487,/app/data/Plaque 2 test/D21_A1.jpg,D21,A1,,,
1,41,48738.84593,249.1108709,/app/data/Plaque 2 test/D21_A1.jpg,D21,A1,,,
1,42,46644.85425,243.7007858,/app/data/Plaque 2 test/D21_A1.jpg,D21,A1,,,
1,43,42456.87091,232.5032623,/app/data/Plaque 2 test/D21_A1.jpg,D21,A1,,,
1,44,38066.62701,220.1543432,/app/data/Plaque 2 test/D21_A1.jpg,D21,A1,,,
1,45,60160.61868,276.7650244,/app/data/Plaque 2 test/D21_A1.jpg,D21,A1,,,
1,46,57691.85009,271.0268344,/app/data/Plaque 2 test/D21_A1.jpg,D21,A1,,,
1,47,50065.43724,252.478305,/app/data/Plaque 2 test/D21_A1.jpg,D21,A1,,,
1,48,46323.61689,242.8601674,/app/data/Plaque 2 test/D21_A1.jpg,D21,A1,,,
1,49,44312.90898,237.5309413,/app/data/Plaque 2 test/D21_A1.jpg,D21,A1,,,
1,50,56906.60321,269.1760345,/app/data/Plaque 2 test/D21_A1.jpg,D21,A1,,,
1,51,38720.99941,222.0385274,/app/data/Plaque 2 test/D21_A1.jpg,D21,A1,,,
1,52,57679.95241,270.9988862,/app/data/Plaque 2 test/D21_A1.jpg,D21,A1,,,
1,53,74223.67638,307.4158746,/app/data/Plaque 2 test/D21_A1.jpg,D21,A1,,,
1,54,49417.01368,250.8379876,/app/data/Plaque 2 test/D21_A1.jpg,D21,A1,,,
1,55,53515.76443,261.0333073,/app/data/Plaque 2 test/D21_A1.jpg,D21,A1,,,
2,1,56412.84949,268.0057291,/app/data/Plaque 2 test/D21_A2.jpg,D21,A2,,,
2,2,47257.58477,245.2962,/app/data/Plaque 2 test/D21_A2.jpg,D21,A2,,,
2,3,48720.99941,249.0652587,/app/data/Plaque 2 test/D21_A2.jpg,D21,A2,,,
2,4,43658.53659,235.7705988,/app/data/Plaque 2 test/D21_A2.jpg,D21,A2,,,
2,5,46781.67757,244.0579477,/app/data/Plaque 2 test/D21_A2.jpg,D21,A2,,,
2,6,41516.95419,229.9152623,/app/data/Plaque 2 test/D21_A2.jpg,D21,A2,,,
2,7,71171.92148,301.0297409,/app/data/Plaque 2 test/D21_A2.jpg,D21,A2,,,
2,8,49619.27424,251.350795,/app/data/Plaque 2 test/D21_A2.jpg,D21,A2,,,
2,9,39464.6044,224.1604223,/app/data/Plaque 2 test/D21_A2.jpg,D21,A2,,,
2,10,64562.76026,286.7121544,/app/data/Plaque 2 test/D21_A2.jpg,D21,A2,,,
2,11,38679.35753,221.9191014,/app/data/Plaque 2 test/D21_A2.jpg,D21,A2,,,
2,12,45895.30042,241.7347956,/app/data/Plaque 2 test/D21_A2.jpg,D21,A2,,,
2,13,61832.24271,280.5837782,/app/data/Plaque 2 test/D21_A2.jpg,D21,A2,,,
2,14,42082.09399,231.4748068,/app/data/Plaque 2 test/D21_A2.jpg,D21,A2,,,
2,15,48935.15764,249.6120547,/app/data/Plaque 2 test/D21_A2.jpg,D21,A2,,,
2,16,54348.60202,263.0566275,/app/data/Plaque 2 test/D21_A2.jpg,D21,A2,,,
2,17,51653.77751,256.4520075,/app/data/Plaque 2 test/D21_A2.jpg,D21,A2,,,
2,18,48066.62701,247.3870051,/app/data/Plaque 2 test/D21_A2.jpg,D21,A2,,,
2,19,59119.57168,274.3599397,/app/data/Plaque 2 test/D21_A2.jpg,D21,A2,,,
2,20,52099.94051,257.5571869,/app/data/Plaque 2 test/D21_A2.jpg,D21,A2,,,
2,21,57441.99881,270.4393174,/app/data/Plaque 2 test/D21_A2.jpg,D21,A2,,,
2,22,41737.06127,230.5239183,/app/data/Plaque 2 test/D21_A2.jpg,D21,A2,,,
2,23,43331.35039,234.8854803,/app/data/Plaque 2 test/D21_A2.jpg,D21,A2,,,
2,24,34985.1279,211.0555574,/app/data/Plaque 2 test/D21_A2.jpg,D21,A2,,,
2,25,44729.32778,238.6443985,/app/data/Plaque 2 test/D21_A2.jpg,D21,A2,,,
2,26,51891.73111,257.0420279,/app/data/Plaque 2 test/D21_A2.jpg,D21,A2,,,
2,27,41445.56811,229.7175141,/app/data/Plaque 2 test/D21_A2.jpg,D21,A2,,,
2,28,49280.19036,250.4904931,/app/data/Plaque 2 test/D21_A2.jpg,D21,A2,,,
2,29,51231.40988,255.4013645,/app/data/Plaque 2 test/D21_A2.jpg,D21,A2,,,
2,30,45032.71862,239.4523714,/app/data/Plaque 2 test/D21_A2.jpg,D21,A2,,,
2,31,41552.64723,230.0140727,/app/data/Plaque 2 test/D21_A2.jpg,D21,A2,,,
2,32,43801.30874,236.1557927,/app/data/Plaque 2 test/D21_A2.jpg,D21,A2,,,
2,33,39494.3486,224.2448805,/app/data/Plaque 2 test/D21_A2.jpg,D21,A2,,,
2,34,43265.91315,234.708056,/app/data/Plaque 2 test/D21_A2.jpg,D21,A2,,,
2,35,65020.82094,287.7274413,/app/data/Plaque 2 test/D21_A2.jpg,D21,A2,,,
2,36,41891.73111,230.9506628,/app/data/Plaque 2 test/D21_A2.jpg,D21,A2,,,
2,37,45014.8721,239.404919,/app/data/Plaque 2 test/D21_A2.jpg,D21,A2,,,
2,38,41124.33076,228.8255322,/app/data/Plaque 2 test/D21_A2.jpg,D21,A2,,,
2,39,38792.38548,222.2431084,/app/data/Plaque 2 test/D21_A2.jpg,D21,A2,,,
2,40,48982.74836,249.7334023,/app/data/Plaque 2 test/D21_A2.jpg,D21,A2,,,
2,41,49125.52052,250.0970919,/app/data/Plaque 2 test/D21_A2.jpg,D21,A2,,,
2,42,49000.59488,249.7788925,/app/data/Plaque 2 test/D21_A2.jpg,D21,A2,,,
2,43,68245.09221,294.775084,/app/data/Plaque 2 test/D21_A2.jpg,D21,A2,,,
2,44,58590.12493,273.1286583,/app/data/Plaque 2 test/D21_A2.jpg,D21,A2,,,
2,45,49946.46044,252.1781286,/app/data/Plaque 2 test/D21_A2.jpg,D21,A2,,,
2,46,47370.61273,245.5893674,/app/data/Plaque 2 test/D21_A2.jpg,D21,A2,,,
2,47,43646.63891,235.7384709,/app/data/Plaque 2 test/D21_A2.jpg,D21,A2,,,
2,48,44705.53242,238.5809124,/app/data/Plaque 2 test/D21_A2.jpg,D21,A2,,,
2,49,48578.22725,248.7000602,/app/data/Plaque 2 test/D21_A2.jpg,D21,A2,,,
2,50,47323.02201,245.4659712,/app/data/Plaque 2 test/D21_A2.jpg,D21,A2,,,
2,51,56656.75193,268.5844691,/app/data/Plaque 2 test/D21_A2.jpg,D21,A2,,,
2,52,51070.7912,255.0006881,/app/data/Plaque 2 test/D21_A2.jpg,D21,A2,,,
2,53,56478.28673,268.1611234,/app/data/Plaque 2 test/D21_A2.jpg,D21,A2,,,
2,54,49167.1624,250.2030685,/app/data/Plaque 2 test/D21_A2.jpg,D21,A2,,,
2,55,57233.78941,269.9487432,/app/data/Plaque 2 test/D21_A2.jpg,D21,A2,,,
3,1,55764.42594,266.4610146,/app/data/Plaque 2 test/D21_A3.jpg,D21,A3,,,
3,2,55383.70018,265.5498394,/app/data/Plaque 2 test/D21_A3.jpg,D21,A3,,,
3,3,49797.73944,251.8024049,/app/data/Plaque 2 test/D21_A3.jpg,D21,A3,,,
3,4,47555.02677,246.0669434,/app/data/Plaque 2 test/D21_A3.jpg,D21,A3,,,
3,5,51772.75431,256.7471872,/app/data/Plaque 2 test/D21_A3.jpg,D21,A3,,,
3,6,52296.25223,258.0419663,/app/data/Plaque 2 test/D21_A3.jpg,D21,A3,,,
3,7,39286.1392,223.6530035,/app/data/Plaque 2 test/D21_A3.jpg,D21,A3,,,
3,8,37168.35217,217.5412968,/app/data/Plaque 2 test/D21_A3.jpg,D21,A3,,,
3,9,39601.42772,224.5486669,/app/data/Plaque 2 test/D21_A3.jpg,D21,A3,,,
3,10,41397.97739,229.5855873,/app/data/Plaque 2 test/D21_A3.jpg,D21,A3,,,
3,11,40844.73528,228.0463377,/app/data/Plaque 2 test/D21_A3.jpg,D21,A3,,,
3,12,41772.75431,230.6224679,/app/data/Plaque 2 test/D21_A3.jpg,D21,A3,,,
3,13,46977.98929,244.5694864,/app/data/Plaque 2 test/D21_A3.jpg,D21,A3,,,
3,14,37721.59429,219.1543418,/app/data/Plaque 2 test/D21_A3.jpg,D21,A3,,,
3,15,39637.12076,224.6498377,/app/data/Plaque 2 test/D21_A3.jpg,D21,A3,,,
3,16,48697.20405,249.0044295,/app/data/Plaque 2 test/D21_A3.jpg,D21,A3,,,
3,17,51356.33551,255.7125676,/app/data/Plaque 2 test/D21_A3.jpg,D21,A3,,,
3,18,42367.63831,232.258805,/app/data/Plaque 2 test/D21_A3.jpg,D21,A3,,,
3,19,36139.20286,214.5084199,/app/data/Plaque 2 test/D21_A3.jpg,D21,A3,,,
3,20,32736.46639,204.160142,/app/data/Plaque 2 test/D21_A3.jpg,D21,A3,,,
3,21,48715.05057,249.0500528,/app/data/Plaque 2 test/D21_A3.jpg,D21,A3,,,
3,22,37894.11065,219.6549116,/app/data/Plaque 2 test/D21_A3.jpg,D21,A3,,,
3,23,49036.28792,249.8698479,/app/data/Plaque 2 test/D21_A3.jpg,D21,A3,,,
3,24,36900.65437,216.7564817,/app/data/Plaque 2 test/D21_A3.jpg,D21,A3,,,
3,25,35788.2213,213.4642326,/app/data/Plaque 2 test/D21_A3.jpg,D21,A3,,,
3,26,45925.04462,241.8131156,/app/data/Plaque 2 test/D21_A3.jpg,D21,A3,,,
3,27,36121.35634,214.4554483,/app/data/Plaque 2 test/D21_A3.jpg,D21,A3,,,
3,28,30053.53956,195.6153241,/app/data/Plaque 2 test/D21_A3.jpg,D21,A3,,,
3,29,35359.90482,212.1830085,/app/data/Plaque 2 test/D21_A3.jpg,D21,A3,,,
3,30,48114.21773,247.5094436,/app/data/Plaque 2 test/D21_A3.jpg,D21,A3,,,
3,31,96299.82153,350.1610214,/app/data/Plaque 2 test/D21_A3.jpg,D21,A3,,,
3,32,32552.05235,203.5842831,/app/data/Plaque 2 test/D21_A3.jpg,D21,A3,,,
3,33,31867.93575,201.4336516,/app/data/Plaque 2 test/D21_A3.jpg,D21,A3,,,
3,34,33908.38786,207.7823388,/app/data/Plaque 2 test/D21_A3.jpg,D21,A3,,,
3,35,40785.24688,227.8802079,/app/data/Plaque 2 test/D21_A3.jpg,D21,A3,,,
3,36,29190.95776,192.7876598,/app/data/Plaque 2 test/D21_A3.jpg,D21,A3,,,
3,37,26186.79358,182.5980863,/app/data/Plaque 2 test/D21_A3.jpg,D21,A3,,,
3,38,28494.94349,190.4754285,/app/data/Plaque 2 test/D21_A3.jpg,D21,A3,,,
3,39,56769.77989,268.8522433,/app/data/Plaque 2 test/D21_A3.jpg,D21,A3,,,
3,40,39048.1856,222.9746489,/app/data/Plaque 2 test/D21_A3.jpg,D21,A3,,,
3,41,24419.9881,176.3306398,/app/data/Plaque 2 test/D21_A3.jpg,D21,A3,,,
3,42,30374.77692,196.6579954,/app/data/Plaque 2 test/D21_A3.jpg,D21,A3,,,
3,43,49196.9066,250.2787385,/app/data/Plaque 2 test/D21_A3.jpg,D21,A3,,,
3,44,27424.15229,186.8622893,/app/data/Plaque 2 test/D21_A3.jpg,D21,A3,,,
3,45,30362.87924,196.6194765,/app/data/Plaque 2 test/D21_A3.jpg,D21,A3,,,
3,46,50642.47472,253.9291268,/app/data/Plaque 2 test/D21_A3.jpg,D21,A3,,,
3,47,56668.64961,268.6126684,/app/data/Plaque 2 test/D21_A3.jpg,D21,A3,,,
3,48,38102.32005,220.2575325,/app/data/Plaque 2 test/D21_A3.jpg,D21,A3,,,
3,49,31802.49851,201.2267346,/app/data/Plaque 2 test/D21_A3.jpg,D21,A3,,,
3,50,39892.92088,225.3735664,/app/data/Plaque 2 test/D21_A3.jpg,D21,A3,,,
3,51,42052.34979,231.3929876,/app/data/Plaque 2 test/D21_A3.jpg,D21,A3,,,
3,52,40820.93992,227.9799003,/app/data/Plaque 2 test/D21_A3.jpg,D21,A3,,,
3,53,43884.5925,236.3801992,/app/data/Plaque 2 test/D21_A3.jpg,D21,A3,,,
3,54,78655.56217,316.4606961,/app/data/Plaque 2 test/D21_A3.jpg,D21,A3,,,
3,55,46085.6633,242.2356063,/app/data/Plaque 2 test/D21_A3.jpg,D21,A3,,,
4,1,58905.41344,273.86256,/app/data/Plaque 2 test/D21_A4.jpg,D21,A4,,,
4,2,62980.36883,283.1767931,/app/data/Plaque 2 test/D21_A4.jpg,D21,A4,,,
4,3,47299.22665,245.4042498,/app/data/Plaque 2 test/D21_A4.jpg,D21,A4,,,
4,4,48477.09697,248.4410531,/app/data/Plaque 2 test/D21_A4.jpg,D21,A4,,,
4,5,46085.6633,242.2356063,/app/data/Plaque 2 test/D21_A4.jpg,D21,A4,,,
4,6,62218.91731,281.4597413,/app/data/Plaque 2 test/D21_A4.jpg,D21,A4,,,
4,7,45508.62582,240.7143162,/app/data/Plaque 2 test/D21_A4.jpg,D21,A4,,,
4,8,45110.05354,239.6578896,/app/data/Plaque 2 test/D21_A4.jpg,D21,A4,,,
4,9,43480.07139,235.2882196,/app/data/Plaque 2 test/D21_A4.jpg,D21,A4,,,
4,10,63795.3599,285.003114,/app/data/Plaque 2 test/D21_A4.jpg,D21,A4,,,
4,11,42617.48959,232.942639,/app/data/Plaque 2 test/D21_A4.jpg,D21,A4,,,
4,12,56442.59369,268.076374,/app/data/Plaque 2 test/D21_A4.jpg,D21,A4,,,
4,13,53985.72278,262.1769576,/app/data/Plaque 2 test/D21_A4.jpg,D21,A4,,,
4,14,41832.24271,230.7866237,/app/data/Plaque 2 test/D21_A4.jpg,D21,A4,,,
4,15,52444.97323,258.408618,/app/data/Plaque 2 test/D21_A4.jpg,D21,A4,,,
4,16,45377.75134,240.3679418,/app/data/Plaque 2 test/D21_A4.jpg,D21,A4,,,
4,17,43039.85723,234.0941012,/app/data/Plaque 2 test/D21_A4.jpg,D21,A4,,,
4,18,49298.03688,250.5358458,/app/data/Plaque 2 test/D21_A4.jpg,D21,A4,,,
4,19,40380.72576,226.7472974,/app/data/Plaque 2 test/D21_A4.jpg,D21,A4,,,
4,20,39500.29744,224.2617683,/app/data/Plaque 2 test/D21_A4.jpg,D21,A4,,,
4,21,43765.6157,236.0595531,/app/data/Plaque 2 test/D21_A4.jpg,D21,A4,,,
4,22,36430.69601,215.3717781,/app/data/Plaque 2 test/D21_A4.jpg,D21,A4,,,
4,23,54788.81618,264.1198352,/app/data/Plaque 2 test/D21_A4.jpg,D21,A4,,,
4,24,54033.3135,262.2924922,/app/data/Plaque 2 test/D21_A4.jpg,D21,A4,,,
4,25,47144.55681,245.0026817,/app/data/Plaque 2 test/D21_A4.jpg,D21,A4,,,
4,26,42998.21535,233.9808286,/app/data/Plaque 2 test/D21_A4.jpg,D21,A4,,,
4,27,45002.97442,239.3732789,/app/data/Plaque 2 test/D21_A4.jpg,D21,A4,,,
4,28,50101.13028,252.5682884,/app/data/Plaque 2 test/D21_A4.jpg,D21,A4,,,
4,29,46853.06365,244.2440858,/app/data/Plaque 2 test/D21_A4.jpg,D21,A4,,,
4,30,44842.35574,238.9457273,/app/data/Plaque 2 test/D21_A4.jpg,D21,A4,,,
4,31,46276.02617,242.7353837,/app/data/Plaque 2 test/D21_A4.jpg,D21,A4,,,
4,32,51760.85663,256.7176845,/app/data/Plaque 2 test/D21_A4.jpg,D21,A4,,,
4,33,54033.3135,262.2924922,/app/data/Plaque 2 test/D21_A4.jpg,D21,A4,,,
4,34,44913.74182,239.1358446,/app/data/Plaque 2 test/D21_A4.jpg,D21,A4,,,
4,35,48090.42237,247.4482319,/app/data/Plaque 2 test/D21_A4.jpg,D21,A4,,,
4,36,36627.00773,215.9512784,/app/data/Plaque 2 test/D21_A4.jpg,D21,A4,,,
4,37,47495.53837,245.912988,/app/data/Plaque 2 test/D21_A4.jpg,D21,A4,,,
4,38,47935.75253,247.0499863,/app/data/Plaque 2 test/D21_A4.jpg,D21,A4,,,
4,39,41743.01011,230.5403461,/app/data/Plaque 2 test/D21_A4.jpg,D21,A4,,,
4,40,45532.42118,240.7772398,/app/data/Plaque 2 test/D21_A4.jpg,D21,A4,,,
4,41,48149.91077,247.6012328,/app/data/Plaque 2 test/D21_A4.jpg,D21,A4,,,
4,42,49405.116,250.8077898,/app/data/Plaque 2 test/D21_A4.jpg,D21,A4,,,
4,43,47305.17549,245.4196816,/app/data/Plaque 2 test/D21_A4.jpg,D21,A4,,,
4,44,50261.74896,252.9728174,/app/data/Plaque 2 test/D21_A4.jpg,D21,A4,,,
4,45,46049.97026,242.1417832,/app/data/Plaque 2 test/D21_A4.jpg,D21,A4,,,
4,46,47096.96609,244.8789898,/app/data/Plaque 2 test/D21_A4.jpg,D21,A4,,,
4,47,48120.16657,247.5247442,/app/data/Plaque 2 test/D21_A4.jpg,D21,A4,,,
4,48,43438.42951,235.1755221,/app/data/Plaque 2 test/D21_A4.jpg,D21,A4,,,
4,49,48364.06901,248.1512547,/app/data/Plaque 2 test/D21_A4.jpg,D21,A4,,,
4,50,43848.89946,236.2840511,/app/data/Plaque 2 test/D21_A4.jpg,D21,A4,,,
4,51,57334.91969,270.1871334,/app/data/Plaque 2 test/D21_A4.jpg,D21,A4,,,
4,52,57596.66865,270.8031687,/app/data/Plaque 2 test/D21_A4.jpg,D21,A4,,,
4,53,56882.80785,269.119751,/app/data/Plaque 2 test/D21_A4.jpg,D21,A4,,,
4,54,52760.26175,259.1842041,/app/data/Plaque 2 test/D21_A4.jpg,D21,A4,,,
5,1,55978.58418,266.972184,/app/data/Plaque 2 test/D21_A5.jpg,D21,A5,,,
5,2,40053.53956,225.8268152,/app/data/Plaque 2 test/D21_A5.jpg,D21,A5,,,
5,3,48459.25045,248.3953179,/app/data/Plaque 2 test/D21_A5.jpg,D21,A5,,,
5,4,41302.79595,229.321506,/app/data/Plaque 2 test/D21_A5.jpg,D21,A5,,,
5,5,42546.10351,232.7474628,/app/data/Plaque 2 test/D21_A5.jpg,D21,A5,,,
5,6,33896.49018,207.7458826,/app/data/Plaque 2 test/D21_A5.jpg,D21,A5,,,
5,7,48578.22725,248.7000602,/app/data/Plaque 2 test/D21_A5.jpg,D21,A5,,,
5,8,40029.7442,225.7597247,/app/data/Plaque 2 test/D21_A5.jpg,D21,A5,,,
5,9,40939.91672,228.311894,/app/data/Plaque 2 test/D21_A5.jpg,D21,A5,,,
5,10,45223.0815,239.9579457,/app/data/Plaque 2 test/D21_A5.jpg,D21,A5,,,
5,11,43236.16895,234.6273643,/app/data/Plaque 2 test/D21_A5.jpg,D21,A5,,,
5,12,48691.25521,248.9892199,/app/data/Plaque 2 test/D21_A5.jpg,D21,A5,,,
5,13,46317.66805,242.8445729,/app/data/Plaque 2 test/D21_A5.jpg,D21,A5,,,
5,14,42135.63355,231.6220086,/app/data/Plaque 2 test/D21_A5.jpg,D21,A5,,,
5,15,38697.20405,221.9702918,/app/data/Plaque 2 test/D21_A5.jpg,D21,A5,,,
5,16,41011.3028,228.5108586,/app/data/Plaque 2 test/D21_A5.jpg,D21,A5,,,
5,17,40987.50744,228.4445563,/app/data/Plaque 2 test/D21_A5.jpg,D21,A5,,,
5,18,31302.79595,199.6395694,/app/data/Plaque 2 test/D21_A5.jpg,D21,A5,,,
5,19,39428.91136,224.0590305,/app/data/Plaque 2 test/D21_A5.jpg,D21,A5,,,
5,20,58185.60381,272.1841503,/app/data/Plaque 2 test/D21_A5.jpg,D21,A5,,,
5,21,48245.09221,247.8458376,/app/data/Plaque 2 test/D21_A5.jpg,D21,A5,,,
5,22,37108.86377,217.3671383,/app/data/Plaque 2 test/D21_A5.jpg,D21,A5,,,
5,23,31035.09816,198.7840895,/app/data/Plaque 2 test/D21_A5.jpg,D21,A5,,,
5,24,38423.55741,221.1840698,/app/data/Plaque 2 test/D21_A5.jpg,D21,A5,,,
5,25,44295.06246,237.483105,/app/data/Plaque 2 test/D21_A5.jpg,D21,A5,,,
5,26,47447.94765,245.7897542,/app/data/Plaque 2 test/D21_A5.jpg,D21,A5,,,
5,27,61284.94943,279.3392581,/app/data/Plaque 2 test/D21_A5.jpg,D21,A5,,,
5,28,58506.84117,272.934468,/app/data/Plaque 2 test/D21_A5.jpg,D21,A5,,,
5,29,39738.25104,224.9362413,/app/data/Plaque 2 test/D21_A5.jpg,D21,A5,,,
5,30,33283.75967,205.8596585,/app/data/Plaque 2 test/D21_A5.jpg,D21,A5,,,
5,31,38536.58537,221.509152,/app/data/Plaque 2 test/D21_A5.jpg,D21,A5,,,
5,32,40309.33968,226.5467839,/app/data/Plaque 2 test/D21_A5.jpg,D21,A5,,,
5,33,38839.9762,222.3793912,/app/data/Plaque 2 test/D21_A5.jpg,D21,A5,,,
5,34,42635.33611,232.9914074,/app/data/Plaque 2 test/D21_A5.jpg,D21,A5,,,
5,35,44753.12314,238.7078678,/app/data/Plaque 2 test/D21_A5.jpg,D21,A5,,,
5,36,50464.00952,253.481306,/app/data/Plaque 2 test/D21_A5.jpg,D21,A5,,,
5,37,41701.36823,230.4253265,/app/data/Plaque 2 test/D21_A5.jpg,D21,A5,,,
5,38,46014.27722,242.0479237,/app/data/Plaque 2 test/D21_A5.jpg,D21,A5,,,
5,39,40844.73528,228.0463377,/app/data/Plaque 2 test/D21_A5.jpg,D21,A5,,,
5,40,39589.53004,224.5149331,/app/data/Plaque 2 test/D21_A5.jpg,D21,A5,,,
5,41,43652.58775,235.7545354,/app/data/Plaque 2 test/D21_A5.jpg,D21,A5,,,
5,42,43872.69482,236.3481542,/app/data/Plaque 2 test/D21_A5.jpg,D21,A5,,,
5,43,45639.5003,241.0601929,/app/data/Plaque 2 test/D21_A5.jpg,D21,A5,,,
5,44,50321.23736,253.1224789,/app/data/Plaque 2 test/D21_A5.jpg,D21,A5,,,
5,45,39779.89292,225.0540663,/app/data/Plaque 2 test/D21_A5.jpg,D21,A5,,,
5,46,37906.00833,219.6893916,/app/data/Plaque 2 test/D21_A5.jpg,D21,A5,,,
5,47,41511.00535,229.8987898,/app/data/Plaque 2 test/D21_A5.jpg,D21,A5,,,
5,48,39262.34384,223.5852607,/app/data/Plaque 2 test/D21_A5.jpg,D21,A5,,,
5,49,48845.92504,249.3843687,/app/data/Plaque 2 test/D21_A5.jpg,D21,A5,,,
5,50,43539.55979,235.4491225,/app/data/Plaque 2 test/D21_A5.jpg,D21,A5,,,
5,51,51332.54015,255.6533201,/app/data/Plaque 2 test/D21_A5.jpg,D21,A5,,,
5,52,61695.41939,280.2731662,/app/data/Plaque 2 test/D21_A5.jpg,D21,A5,,,
5,53,50434.26532,253.4065923,/app/data/Plaque 2 test/D21_A5.jpg,D21,A5,,,
5,54,46960.14277,244.5230271,/app/data/Plaque 2 test/D21_A5.jpg,D21,A5,,,
5,55,51707.31707,256.5848804,/app/data/Plaque 2 test/D21_A5.jpg,D21,A5,,,
6,1,66710.29149,291.441557,/app/data/Plaque 2 test/D21_A6.jpg,D21,A6,,,
6,2,56472.33789,268.1470003,/app/data/Plaque 2 test/D21_A6.jpg,D21,A6,,,
6,3,67465.79417,293.0872175,/app/data/Plaque 2 test/D21_A6.jpg,D21,A6,,,
6,4,75229.03034,309.490834,/app/data/Plaque 2 test/D21_A6.jpg,D21,A6,,,
6,5,56876.85901,269.1056783,/app/data/Plaque 2 test/D21_A6.jpg,D21,A6,,,
6,6,55591.90958,266.048525,/app/data/Plaque 2 test/D21_A6.jpg,D21,A6,,,
6,7,57037.47769,269.4853839,/app/data/Plaque 2 test/D21_A6.jpg,D21,A6,,,
6,8,54889.94646,264.3634817,/app/data/Plaque 2 test/D21_A6.jpg,D21,A6,,,
6,9,63819.15526,285.0562615,/app/data/Plaque 2 test/D21_A6.jpg,D21,A6,,,
6,10,59750.14872,275.8192382,/app/data/Plaque 2 test/D21_A6.jpg,D21,A6,,,
6,11,47108.86377,244.9099187,/app/data/Plaque 2 test/D21_A6.jpg,D21,A6,,,
6,12,60136.82332,276.7102845,/app/data/Plaque 2 test/D21_A6.jpg,D21,A6,,,
6,13,54699.58358,263.9046663,/app/data/Plaque 2 test/D21_A6.jpg,D21,A6,,,
6,14,48066.62701,247.3870051,/app/data/Plaque 2 test/D21_A6.jpg,D21,A6,,,
6,15,50606.78168,253.8396259,/app/data/Plaque 2 test/D21_A6.jpg,D21,A6,,,
6,16,56579.41701,268.4011013,/app/data/Plaque 2 test/D21_A6.jpg,D21,A6,,,
6,17,53158.83403,260.1613531,/app/data/Plaque 2 test/D21_A6.jpg,D21,A6,,,
6,18,46246.28198,242.6573613,/app/data/Plaque 2 test/D21_A6.jpg,D21,A6,,,
6,19,51790.60083,256.7914349,/app/data/Plaque 2 test/D21_A6.jpg,D21,A6,,,
6,20,56109.45866,267.2840841,/app/data/Plaque 2 test/D21_A6.jpg,D21,A6,,,
6,21,48828.07852,249.3388066,/app/data/Plaque 2 test/D21_A6.jpg,D21,A6,,,
6,22,53604.99703,261.2508412,/app/data/Plaque 2 test/D21_A6.jpg,D21,A6,,,
6,23,50047.59072,252.4333013,/app/data/Plaque 2 test/D21_A6.jpg,D21,A6,,,
6,24,65306.36526,288.3585386,/app/data/Plaque 2 test/D21_A6.jpg,D21,A6,,,
6,25,53218.32243,260.3068816,/app/data/Plaque 2 test/D21_A6.jpg,D21,A6,,,
6,26,60249.85128,276.9702028,/app/data/Plaque 2 test/D21_A6.jpg,D21,A6,,,
6,27,47941.70137,247.0653153,/app/data/Plaque 2 test/D21_A6.jpg,D21,A6,,,
6,28,57168.35217,269.7943785,/app/data/Plaque 2 test/D21_A6.jpg,D21,A6,,,
6,29,49018.4414,249.8243743,/app/data/Plaque 2 test/D21_A6.jpg,D21,A6,,,
6,30,57120.76145,269.6820578,/app/data/Plaque 2 test/D21_A6.jpg,D21,A6,,,
6,31,59107.674,274.3323312,/app/data/Plaque 2 test/D21_A6.jpg,D21,A6,,,
6,32,57870.31529,271.4457108,/app/data/Plaque 2 test/D21_A6.jpg,D21,A6,,,
6,33,48013.08745,247.2491893,/app/data/Plaque 2 test/D21_A6.jpg,D21,A6,,,
6,34,56502.08209,268.2176081,/app/data/Plaque 2 test/D21_A6.jpg,D21,A6,,,
6,35,55026.76978,264.692764,/app/data/Plaque 2 test/D21_A6.jpg,D21,A6,,,
6,36,51945.27067,257.1745959,/app/data/Plaque 2 test/D21_A6.jpg,D21,A6,,,
6,37,50374.77692,253.2570987,/app/data/Plaque 2 test/D21_A6.jpg,D21,A6,,,
6,38,67822.72457,293.8614894,/app/data/Plaque 2 test/D21_A6.jpg,D21,A6,,,
6,39,51879.83343,257.012559,/app/data/Plaque 2 test/D21_A6.jpg,D21,A6,,,
6,40,53426.53183,260.8155921,/app/data/Plaque 2 test/D21_A6.jpg,D21,A6,,,
6,41,44592.50446,238.2791222,/app/data/Plaque 2 test/D21_A6.jpg,D21,A6,,,
6,42,53938.13206,262.061372,/app/data/Plaque 2 test/D21_A6.jpg,D21,A6,,,
6,43,46829.26829,244.1820555,/app/data/Plaque 2 test/D21_A6.jpg,D21,A6,,,
6,44,55603.80726,266.0769931,/app/data/Plaque 2 test/D21_A6.jpg,D21,A6,,,
6,45,48655.56217,248.8979426,/app/data/Plaque 2 test/D21_A6.jpg,D21,A6,,,
6,46,68197.50149,294.6722853,/app/data/Plaque 2 test/D21_A6.jpg,D21,A6,,,
6,47,54229.62522,262.7685357,/app/data/Plaque 2 test/D21_A6.jpg,D21,A6,,,
6,48,51909.57763,257.0862248,/app/data/Plaque 2 test/D21_A6.jpg,D21,A6,,,
6,49,49303.98572,250.5509616,/app/data/Plaque 2 test/D21_A6.jpg,D21,A6,,,
6,50,53491.96907,260.9752677,/app/data/Plaque 2 test/D21_A6.jpg,D21,A6,,,
6,51,57769.18501,271.2084269,/app/data/Plaque 2 test/D21_A6.jpg,D21,A6,,,
6,52,66424.74717,290.8171502,/app/data/Plaque 2 test/D21_A6.jpg,D21,A6,,,
6,53,58132.06425,272.0588962,/app/data/Plaque 2 test/D21_A6.jpg,D21,A6,,,
6,54,53016.06187,259.811752,/app/data/Plaque 2 test/D21_A6.jpg,D21,A6,,,
6,55,59494.3486,275.2281914,/app/data/Plaque 2 test/D21_A6.jpg,D21,A6,,,
7,1,62153.48007,281.3116931,/app/data/Plaque 2 test/D21_B1.jpg,D21,B1,,,
7,2,51921.47531,257.1156852,/app/data/Plaque 2 test/D21_B1.jpg,D21,B1,,,
7,3,53718.02499,261.5261243,/app/data/Plaque 2 test/D21_B1.jpg,D21,B1,,,
7,4,53503.86675,261.0042891,/app/data/Plaque 2 test/D21_B1.jpg,D21,B1,,,
7,5,52468.76859,258.467234,/app/data/Plaque 2 test/D21_B1.jpg,D21,B1,,,
7,6,54051.16002,262.3358046,/app/data/Plaque 2 test/D21_B1.jpg,D21,B1,,,
7,7,61814.39619,280.5432831,/app/data/Plaque 2 test/D21_B1.jpg,D21,B1,,,
7,8,47507.43605,245.9437868,/app/data/Plaque 2 test/D21_B1.jpg,D21,B1,,,
7,9,58691.25521,273.3642754,/app/data/Plaque 2 test/D21_B1.jpg,D21,B1,,,
7,10,50023.79536,252.3732839,/app/data/Plaque 2 test/D21_B1.jpg,D21,B1,,,
7,11,50249.85128,252.9428745,/app/data/Plaque 2 test/D21_B1.jpg,D21,B1,,,
7,12,55520.5235,265.8776524,/app/data/Plaque 2 test/D21_B1.jpg,D21,B1,,,
7,13,57400.35693,270.3412738,/app/data/Plaque 2 test/D21_B1.jpg,D21,B1,,,
7,14,49000.59488,249.7788925,/app/data/Plaque 2 test/D21_B1.jpg,D21,B1,,,
7,15,48869.7204,249.4451053,/app/data/Plaque 2 test/D21_B1.jpg,D21,B1,,,
7,16,63010.11303,283.2436542,/app/data/Plaque 2 test/D21_B1.jpg,D21,B1,,,
7,17,66400.95181,290.7650558,/app/data/Plaque 2 test/D21_B1.jpg,D21,B1,,,
7,18,51754.90779,256.7029319,/app/data/Plaque 2 test/D21_B1.jpg,D21,B1,,,
7,19,50220.10708,252.8680017,/app/data/Plaque 2 test/D21_B1.jpg,D21,B1,,,
7,20,38494.94349,221.3894404,/app/data/Plaque 2 test/D21_B1.jpg,D21,B1,,,
7,21,49702.558,251.5616472,/app/data/Plaque 2 test/D21_B1.jpg,D21,B1,,,
7,22,62242.71267,281.5135577,/app/data/Plaque 2 test/D21_B1.jpg,D21,B1,,,
7,23,45336.10946,240.2576271,/app/data/Plaque 2 test/D21_B1.jpg,D21,B1,,,
7,24,50339.08388,253.1673601,/app/data/Plaque 2 test/D21_B1.jpg,D21,B1,,,
7,25,73944.0809,306.836321,/app/data/Plaque 2 test/D21_B1.jpg,D21,B1,,,
7,26,47935.75253,247.0499863,/app/data/Plaque 2 test/D21_B1.jpg,D21,B1,,,
7,27,48007.13861,247.2338717,/app/data/Plaque 2 test/D21_B1.jpg,D21,B1,,,
7,28,46549.67281,243.4520163,/app/data/Plaque 2 test/D21_B1.jpg,D21,B1,,,
7,29,41070.7912,228.6765302,/app/data/Plaque 2 test/D21_B1.jpg,D21,B1,,,
7,30,63872.69482,285.175807,/app/data/Plaque 2 test/D21_B1.jpg,D21,B1,,,
7,31,58512.79001,272.9483433,/app/data/Plaque 2 test/D21_B1.jpg,D21,B1,,,
7,32,40428.31648,226.8808746,/app/data/Plaque 2 test/D21_B1.jpg,D21,B1,,,
7,33,40011.89768,225.7093937,/app/data/Plaque 2 test/D21_B1.jpg,D21,B1,,,
7,34,41350.38667,229.4535846,/app/data/Plaque 2 test/D21_B1.jpg,D21,B1,,,
7,35,47769.18501,246.6203872,/app/data/Plaque 2 test/D21_B1.jpg,D21,B1,,,
7,36,37424.15229,218.2885948,/app/data/Plaque 2 test/D21_B1.jpg,D21,B1,,,
7,37,39101.72516,223.1274585,/app/data/Plaque 2 test/D21_B1.jpg,D21,B1,,,
7,38,70362.87924,299.3138826,/app/data/Plaque 2 test/D21_B1.jpg,D21,B1,,,
7,39,67941.70137,294.1191271,/app/data/Plaque 2 test/D21_B1.jpg,D21,B1,,,
7,40,50803.0934,254.3314914,/app/data/Plaque 2 test/D21_B1.jpg,D21,B1,,,
7,41,38465.19929,221.3038925,/app/data/Plaque 2 test/D21_B1.jpg,D21,B1,,,
7,42,55478.88162,265.777926,/app/data/Plaque 2 test/D21_B1.jpg,D21,B1,,,
7,43,48405.71089,248.2580619,/app/data/Plaque 2 test/D21_B1.jpg,D21,B1,,,
7,44,31885.78227,201.4900467,/app/data/Plaque 2 test/D21_B1.jpg,D21,B1,,,
7,45,37364.66389,218.115033,/app/data/Plaque 2 test/D21_B1.jpg,D21,B1,,,
7,46,42147.53123,231.6547074,/app/data/Plaque 2 test/D21_B1.jpg,D21,B1,,,
7,47,38477.09697,221.3381156,/app/data/Plaque 2 test/D21_B1.jpg,D21,B1,,,
7,48,36044.02142,214.2257534,/app/data/Plaque 2 test/D21_B1.jpg,D21,B1,,,
7,49,45371.8025,240.3521857,/app/data/Plaque 2 test/D21_B1.jpg,D21,B1,,,
7,50,88804.28316,336.2575279,/app/data/Plaque 2 test/D21_B1.jpg,D21,B1,,,
7,51,40666.27008,227.5475845,/app/data/Plaque 2 test/D21_B1.jpg,D21,B1,,,
7,52,34562.76026,209.7776755,/app/data/Plaque 2 test/D21_B1.jpg,D21,B1,,,
7,53,44640.09518,238.4062383,/app/data/Plaque 2 test/D21_B1.jpg,D21,B1,,,
7,54,46835.21713,244.1975646,/app/data/Plaque 2 test/D21_B1.jpg,D21,B1,,,
7,55,47073.17073,244.8171205,/app/data/Plaque 2 test/D21_B1.jpg,D21,B1,,,
8,1,73230.22011,305.3516204,/app/data/Plaque 2 test/D21_B2.jpg,D21,B2,,,
8,2,74193.93218,307.3542719,/app/data/Plaque 2 test/D21_B2.jpg,D21,B2,,,
8,3,71534.80071,301.7961847,/app/data/Plaque 2 test/D21_B2.jpg,D21,B2,,,
8,4,69036.28792,296.4788893,/app/data/Plaque 2 test/D21_B2.jpg,D21,B2,,,
8,5,58298.63177,272.4483866,/app/data/Plaque 2 test/D21_B2.jpg,D21,B2,,,
8,6,81850.08923,322.8231255,/app/data/Plaque 2 test/D21_B2.jpg,D21,B2,,,
8,7,42617.48959,232.942639,/app/data/Plaque 2 test/D21_B2.jpg,D21,B2,,,
8,8,48691.25521,248.9892199,/app/data/Plaque 2 test/D21_B2.jpg,D21,B2,,,
8,9,47091.01725,244.863524,/app/data/Plaque 2 test/D21_B2.jpg,D21,B2,,,
8,10,86734.08685,332.3150151,/app/data/Plaque 2 test/D21_B2.jpg,D21,B2,,,
8,11,51160.0238,255.2233638,/app/data/Plaque 2 test/D21_B2.jpg,D21,B2,,,
8,12,40464.00952,226.9810059,/app/data/Plaque 2 test/D21_B2.jpg,D21,B2,,,
8,13,38500.89233,221.406546,/app/data/Plaque 2 test/D21_B2.jpg,D21,B2,,,
8,14,74544.91374,308.0803987,/app/data/Plaque 2 test/D21_B2.jpg,D21,B2,,,
8,15,37608.56633,218.8257614,/app/data/Plaque 2 test/D21_B2.jpg,D21,B2,,,
8,16,27055.32421,185.6014781,/app/data/Plaque 2 test/D21_B2.jpg,D21,B2,,,
8,17,96061.86794,349.7281358,/app/data/Plaque 2 test/D21_B2.jpg,D21,B2,,,
8,18,54080.90422,262.407976,/app/data/Plaque 2 test/D21_B2.jpg,D21,B2,,,
8,19,42665.08031,233.0726656,/app/data/Plaque 2 test/D21_B2.jpg,D21,B2,,,
8,20,78602.02261,316.3529729,/app/data/Plaque 2 test/D21_B2.jpg,D21,B2,,,
8,21,29904.81856,195.1307192,/app/data/Plaque 2 test/D21_B2.jpg,D21,B2,,,
8,22,47055.32421,244.7707082,/app/data/Plaque 2 test/D21_B2.jpg,D21,B2,,,
8,23,23967.87626,174.6907206,/app/data/Plaque 2 test/D21_B2.jpg,D21,B2,,,
8,24,30249.85128,196.2531703,/app/data/Plaque 2 test/D21_B2.jpg,D21,B2,,,
8,25,72831.64783,304.5195135,/app/data/Plaque 2 test/D21_B2.jpg,D21,B2,,,
8,26,43218.32243,234.5789359,/app/data/Plaque 2 test/D21_B2.jpg,D21,B2,,,
8,27,38465.19929,221.3038925,/app/data/Plaque 2 test/D21_B2.jpg,D21,B2,,,
8,28,23438.42951,172.7505002,/app/data/Plaque 2 test/D21_B2.jpg,D21,B2,,,
8,29,50523.49792,253.6306675,/app/data/Plaque 2 test/D21_B2.jpg,D21,B2,,,
8,30,28798.33432,191.4867569,/app/data/Plaque 2 test/D21_B2.jpg,D21,B2,,,
8,31,29155.26472,192.6697589,/app/data/Plaque 2 test/D21_B2.jpg,D21,B2,,,
8,32,69773.94408,298.0586264,/app/data/Plaque 2 test/D21_B2.jpg,D21,B2,,,
8,33,50541.34444,253.6754588,/app/data/Plaque 2 test/D21_B2.jpg,D21,B2,,,
8,34,43593.09935,235.5938411,/app/data/Plaque 2 test/D21_B2.jpg,D21,B2,,,
8,35,34931.58834,210.8940009,/app/data/Plaque 2 test/D21_B2.jpg,D21,B2,,,
8,36,28738.84593,191.2888787,/app/data/Plaque 2 test/D21_B2.jpg,D21,B2,,,
8,37,73188.57823,305.26479,/app/data/Plaque 2 test/D21_B2.jpg,D21,B2,,,
8,38,43343.24807,234.9177248,/app/data/Plaque 2 test/D21_B2.jpg,D21,B2,,,
8,39,26972.04045,185.3155916,/app/data/Plaque 2 test/D21_B2.jpg,D21,B2,,,
8,40,65234.97918,288.2008938,/app/data/Plaque 2 test/D21_B2.jpg,D21,B2,,,
8,41,45413.44438,240.462457,/app/data/Plaque 2 test/D21_B2.jpg,D21,B2,,,
8,42,49369.42296,250.7171746,/app/data/Plaque 2 test/D21_B2.jpg,D21,B2,,,
8,43,70648.42356,299.9206006,/app/data/Plaque 2 test/D21_B2.jpg,D21,B2,,,
8,44,45663.29566,241.1230262,/app/data/Plaque 2 test/D21_B2.jpg,D21,B2,,,
8,45,46121.35634,242.3293931,/app/data/Plaque 2 test/D21_B2.jpg,D21,B2,,,
8,46,43075.55027,234.1911484,/app/data/Plaque 2 test/D21_B2.jpg,D21,B2,,,
8,47,67870.31529,293.9645716,/app/data/Plaque 2 test/D21_B2.jpg,D21,B2,,,
8,48,65318.26294,288.3848043,/app/data/Plaque 2 test/D21_B2.jpg,D21,B2,,,
8,49,59619.27424,275.5170006,/app/data/Plaque 2 test/D21_B2.jpg,D21,B2,,,
8,50,56400.95181,267.9774659,/app/data/Plaque 2 test/D21_B2.jpg,D21,B2,,,
8,51,75960.73766,310.992307,/app/data/Plaque 2 test/D21_B2.jpg,D21,B2,,,
8,52,65312.3141,288.3716718,/app/data/Plaque 2 test/D21_B2.jpg,D21,B2,,,
8,53,82308.14991,323.7251787,/app/data/Plaque 2 test/D21_B2.jpg,D21,B2,,,
8,54,75240.92802,309.5153065,/app/data/Plaque 2 test/D21_B2.jpg,D21,B2,,,
8,55,69803.68828,298.1221499,/app/data/Plaque 2 test/D21_B2.jpg,D21,B2,,,
9,1,61641.87983,280.1515287,/app/data/Plaque 2 test/D21_B3.jpg,D21,B3,,,
9,2,71160.0238,301.0045785,/app/data/Plaque 2 test/D21_B3.jpg,D21,B3,,,
9,3,62064.24747,281.1096836,/app/data/Plaque 2 test/D21_B3.jpg,D21,B3,,,
9,4,53010.11303,259.7971751,/app/data/Plaque 2 test/D21_B3.jpg,D21,B3,,,
9,5,53236.16895,260.3505243,/app/data/Plaque 2 test/D21_B3.jpg,D21,B3,,,
9,6,43087.44795,234.2234886,/app/data/Plaque 2 test/D21_B3.jpg,D21,B3,,,
9,7,44003.5693,236.700411,/app/data/Plaque 2 test/D21_B3.jpg,D21,B3,,,
9,8,44015.46698,236.7324083,/app/data/Plaque 2 test/D21_B3.jpg,D21,B3,,,
9,9,52534.20583,258.6283595,/app/data/Plaque 2 test/D21_B3.jpg,D21,B3,,,
9,10,54711.48126,263.9333656,/app/data/Plaque 2 test/D21_B3.jpg,D21,B3,,,
9,11,41165.97264,228.9413555,/app/data/Plaque 2 test/D21_B3.jpg,D21,B3,,,
9,12,39470.55324,224.1773165,/app/data/Plaque 2 test/D21_B3.jpg,D21,B3,,,
9,13,36353.36109,215.1430615,/app/data/Plaque 2 test/D21_B3.jpg,D21,B3,,,
9,14,61296.84711,279.3663718,/app/data/Plaque 2 test/D21_B3.jpg,D21,B3,,,
9,15,44997.02558,239.3574573,/app/data/Plaque 2 test/D21_B3.jpg,D21,B3,,,
9,16,41653.77751,230.2938052,/app/data/Plaque 2 test/D21_B3.jpg,D21,B3,,,
9,17,55419.39322,265.6353948,/app/data/Plaque 2 test/D21_B3.jpg,D21,B3,,,
9,18,46323.61689,242.8601674,/app/data/Plaque 2 test/D21_B3.jpg,D21,B3,,,
9,19,58709.10173,273.4058338,/app/data/Plaque 2 test/D21_B3.jpg,D21,B3,,,
9,20,42920.88043,233.7703195,/app/data/Plaque 2 test/D21_B3.jpg,D21,B3,,,
9,21,76371.20761,311.8314314,/app/data/Plaque 2 test/D21_B3.jpg,D21,B3,,,
9,22,36496.13325,215.565118,/app/data/Plaque 2 test/D21_B3.jpg,D21,B3,,,
9,23,34723.37894,210.2645457,/app/data/Plaque 2 test/D21_B3.jpg,D21,B3,,,
9,24,36799.52409,216.4592555,/app/data/Plaque 2 test/D21_B3.jpg,D21,B3,,,
9,25,42278.40571,232.0140902,/app/data/Plaque 2 test/D21_B3.jpg,D21,B3,,,
9,26,51189.768,255.2975458,/app/data/Plaque 2 test/D21_B3.jpg,D21,B3,,,
9,27,66174.8959,290.2696924,/app/data/Plaque 2 test/D21_B3.jpg,D21,B3,,,
9,28,33676.38311,207.0702844,/app/data/Plaque 2 test/D21_B3.jpg,D21,B3,,,
9,29,34348.60202,209.126752,/app/data/Plaque 2 test/D21_B3.jpg,D21,B3,,,
9,30,36020.22606,214.1550285,/app/data/Plaque 2 test/D21_B3.jpg,D21,B3,,,
9,31,35919.09578,213.8541867,/app/data/Plaque 2 test/D21_B3.jpg,D21,B3,,,
9,32,56627.00773,268.5139578,/app/data/Plaque 2 test/D21_B3.jpg,D21,B3,,,
9,33,42510.41047,232.6498134,/app/data/Plaque 2 test/D21_B3.jpg,D21,B3,,,
9,34,44515.16954,238.0724138,/app/data/Plaque 2 test/D21_B3.jpg,D21,B3,,,
9,35,43414.63415,235.1110993,/app/data/Plaque 2 test/D21_B3.jpg,D21,B3,,,
9,36,75133.8489,309.2949847,/app/data/Plaque 2 test/D21_B3.jpg,D21,B3,,,
9,37,39333.72992,223.7884277,/app/data/Plaque 2 test/D21_B3.jpg,D21,B3,,,
9,38,40226.05592,226.312627,/app/data/Plaque 2 test/D21_B3.jpg,D21,B3,,,
9,39,38875.66924,222.4815485,/app/data/Plaque 2 test/D21_B3.jpg,D21,B3,,,
9,40,88114.21773,334.9485132,/app/data/Plaque 2 test/D21_B3.jpg,D21,B3,,,
9,41,66448.54253,290.8692353,/app/data/Plaque 2 test/D21_B3.jpg,D21,B3,,,
9,42,53265.91315,260.4232459,/app/data/Plaque 2 test/D21_B3.jpg,D21,B3,,,
9,43,43676.38311,235.8187824,/app/data/Plaque 2 test/D21_B3.jpg,D21,B3,,,
9,44,48084.47353,247.4329266,/app/data/Plaque 2 test/D21_B3.jpg,D21,B3,,,
9,45,41380.13087,229.5360952,/app/data/Plaque 2 test/D21_B3.jpg,D21,B3,,,
9,46,37543.12909,218.635305,/app/data/Plaque 2 test/D21_B3.jpg,D21,B3,,,
9,47,60630.57704,277.843928,/app/data/Plaque 2 test/D21_B3.jpg,D21,B3,,,
9,48,56079.71446,267.2132297,/app/data/Plaque 2 test/D21_B3.jpg,D21,B3,,,
9,49,40279.59548,226.4631842,/app/data/Plaque 2 test/D21_B3.jpg,D21,B3,,,
9,50,64991.07674,287.6616223,/app/data/Plaque 2 test/D21_B3.jpg,D21,B3,,,
9,51,60696.01428,277.9938229,/app/data/Plaque 2 test/D21_B3.jpg,D21,B3,,,
9,52,53164.78287,260.1759096,/app/data/Plaque 2 test/D21_B3.jpg,D21,B3,,,
9,53,51867.93575,256.9830868,/app/data/Plaque 2 test/D21_B3.jpg,D21,B3,,,
9,54,50511.60024,253.6008022,/app/data/Plaque 2 test/D21_B3.jpg,D21,B3,,,
9,55,45472.93278,240.6198999,/app/data/Plaque 2 test/D21_B3.jpg,D21,B3,,,
10,1,77977.39441,315.0934816,/app/data/Plaque 2 test/D21_B4.jpg,D21,B4,,,
10,2,81487.20999,322.1067186,/app/data/Plaque 2 test/D21_B4.jpg,D21,B4,,,
10,3,70434.26532,299.4656773,/app/data/Plaque 2 test/D21_B4.jpg,D21,B4,,,
10,4,62474.71743,282.0377294,/app/data/Plaque 2 test/D21_B4.jpg,D21,B4,,,
10,5,65014.8721,287.7142787,/app/data/Plaque 2 test/D21_B4.jpg,D21,B4,,,
10,6,48370.01785,248.1665157,/app/data/Plaque 2 test/D21_B4.jpg,D21,B4,,,
10,7,72712.67103,304.2706824,/app/data/Plaque 2 test/D21_B4.jpg,D21,B4,,,
10,8,55966.6865,266.9438114,/app/data/Plaque 2 test/D21_B4.jpg,D21,B4,,,
10,9,61677.57287,280.2326262,/app/data/Plaque 2 test/D21_B4.jpg,D21,B4,,,
10,10,54080.90422,262.407976,/app/data/Plaque 2 test/D21_B4.jpg,D21,B4,,,
10,11,38465.19929,221.3038925,/app/data/Plaque 2 test/D21_B4.jpg,D21,B4,,,
10,12,50987.50744,254.7926819,/app/data/Plaque 2 test/D21_B4.jpg,D21,B4,,,
10,13,62308.14991,281.6614997,/app/data/Plaque 2 test/D21_B4.jpg,D21,B4,,,
10,14,32427.12671,203.1932579,/app/data/Plaque 2 test/D21_B4.jpg,D21,B4,,,
10,15,45199.28614,239.8948072,/app/data/Plaque 2 test/D21_B4.jpg,D21,B4,,,
10,16,39048.1856,222.9746489,/app/data/Plaque 2 test/D21_B4.jpg,D21,B4,,,
10,17,86722.18917,332.2922218,/app/data/Plaque 2 test/D21_B4.jpg,D21,B4,,,
10,18,47709.69661,246.4667775,/app/data/Plaque 2 test/D21_B4.jpg,D21,B4,,,
10,19,39149.31588,223.2632015,/app/data/Plaque 2 test/D21_B4.jpg,D21,B4,,,
10,20,27483.64069,187.0648501,/app/data/Plaque 2 test/D21_B4.jpg,D21,B4,,,
10,21,36787.62641,216.4242609,/app/data/Plaque 2 test/D21_B4.jpg,D21,B4,,,
10,22,49607.37656,251.3206588,/app/data/Plaque 2 test/D21_B4.jpg,D21,B4,,,
10,23,44741.22546,238.6761352,/app/data/Plaque 2 test/D21_B4.jpg,D21,B4,,,
10,24,41403.92623,229.6020823,/app/data/Plaque 2 test/D21_B4.jpg,D21,B4,,,
10,25,50077.33492,252.5083031,/app/data/Plaque 2 test/D21_B4.jpg,D21,B4,,,
10,26,65139.79774,287.9905665,/app/data/Plaque 2 test/D21_B4.jpg,D21,B4,,,
10,27,31505.05651,200.2835086,/app/data/Plaque 2 test/D21_B4.jpg,D21,B4,,,
10,28,30196.31172,196.0794181,/app/data/Plaque 2 test/D21_B4.jpg,D21,B4,,,
10,29,43735.87151,235.9793235,/app/data/Plaque 2 test/D21_B4.jpg,D21,B4,,,
10,30,49702.558,251.5616472,/app/data/Plaque 2 test/D21_B4.jpg,D21,B4,,,
10,31,48209.39917,247.7541391,/app/data/Plaque 2 test/D21_B4.jpg,D21,B4,,,
10,32,57085.06841,269.5977866,/app/data/Plaque 2 test/D21_B4.jpg,D21,B4,,,
10,33,69738.25104,297.9823804,/app/data/Plaque 2 test/D21_B4.jpg,D21,B4,,,
10,34,30826.88876,198.1161624,/app/data/Plaque 2 test/D21_B4.jpg,D21,B4,,,
10,35,31041.047,198.8031402,/app/data/Plaque 2 test/D21_B4.jpg,D21,B4,,,
10,36,35169.54194,211.6110856,/app/data/Plaque 2 test/D21_B4.jpg,D21,B4,,,
10,37,33158.83403,205.4729635,/app/data/Plaque 2 test/D21_B4.jpg,D21,B4,,,
10,38,50285.54432,253.0326927,/app/data/Plaque 2 test/D21_B4.jpg,D21,B4,,,
10,39,37888.16181,219.6376696,/app/data/Plaque 2 test/D21_B4.jpg,D21,B4,,,
10,40,77215.94289,313.5512589,/app/data/Plaque 2 test/D21_B4.jpg,D21,B4,,,
10,41,31433.67043,200.0564726,/app/data/Plaque 2 test/D21_B4.jpg,D21,B4,,,
10,42,34669.83938,210.102381,/app/data/Plaque 2 test/D21_B4.jpg,D21,B4,,,
10,43,36264.12849,214.8788553,/app/data/Plaque 2 test/D21_B4.jpg,D21,B4,,,
10,44,42224.86615,231.8671373,/app/data/Plaque 2 test/D21_B4.jpg,D21,B4,,,
10,45,42540.15467,232.7311908,/app/data/Plaque 2 test/D21_B4.jpg,D21,B4,,,
10,46,49785.84176,251.7723227,/app/data/Plaque 2 test/D21_B4.jpg,D21,B4,,,
10,47,76055.9191,311.1870881,/app/data/Plaque 2 test/D21_B4.jpg,D21,B4,,,
10,48,44872.09994,239.0249612,/app/data/Plaque 2 test/D21_B4.jpg,D21,B4,,,
10,49,38518.73885,221.4578549,/app/data/Plaque 2 test/D21_B4.jpg,D21,B4,,,
10,50,37935.75253,219.775568,/app/data/Plaque 2 test/D21_B4.jpg,D21,B4,,,
10,51,59066.03212,274.2356794,/app/data/Plaque 2 test/D21_B4.jpg,D21,B4,,,
10,52,62242.71267,281.5135577,/app/data/Plaque 2 test/D21_B4.jpg,D21,B4,,,
10,53,76180.84474,311.4425534,/app/data/Plaque 2 test/D21_B4.jpg,D21,B4,,,
10,54,49196.9066,250.2787385,/app/data/Plaque 2 test/D21_B4.jpg,D21,B4,,,
10,55,53045.80607,259.8846243,/app/data/Plaque 2 test/D21_B4.jpg,D21,B4,,,
11,1,46876.85901,244.3061003,/app/data/Plaque 2 test/D21_B5.jpg,D21,B5,,,
11,2,58494.94349,272.9067152,/app/data/Plaque 2 test/D21_B5.jpg,D21,B5,,,
11,3,56323.61689,267.7936824,/app/data/Plaque 2 test/D21_B5.jpg,D21,B5,,,
11,4,38929.2088,222.6346965,/app/data/Plaque 2 test/D21_B5.jpg,D21,B5,,,
11,5,38964.90184,222.7367367,/app/data/Plaque 2 test/D21_B5.jpg,D21,B5,,,
11,6,69494.3486,297.4608424,/app/data/Plaque 2 test/D21_B5.jpg,D21,B5,,,
11,7,41790.60083,230.6717269,/app/data/Plaque 2 test/D21_B5.jpg,D21,B5,,,
11,8,52117.78703,257.6012955,/app/data/Plaque 2 test/D21_B5.jpg,D21,B5,,,
11,9,46442.59369,243.1718463,/app/data/Plaque 2 test/D21_B5.jpg,D21,B5,,,
11,10,54241.5229,262.7973591,/app/data/Plaque 2 test/D21_B5.jpg,D21,B5,,,
11,11,36757.88221,216.3367496,/app/data/Plaque 2 test/D21_B5.jpg,D21,B5,,,
11,12,36549.67281,215.7231763,/app/data/Plaque 2 test/D21_B5.jpg,D21,B5,,,
11,13,40011.89768,225.7093937,/app/data/Plaque 2 test/D21_B5.jpg,D21,B5,,,
11,14,43319.45271,234.8532313,/app/data/Plaque 2 test/D21_B5.jpg,D21,B5,,,
11,15,41713.26591,230.4581951,/app/data/Plaque 2 test/D21_B5.jpg,D21,B5,,,
11,16,41582.39143,230.0963823,/app/data/Plaque 2 test/D21_B5.jpg,D21,B5,,,
11,17,37299.22665,217.9239555,/app/data/Plaque 2 test/D21_B5.jpg,D21,B5,,,
11,18,55859.60738,266.688322,/app/data/Plaque 2 test/D21_B5.jpg,D21,B5,,,
11,19,33813.20642,207.4905096,/app/data/Plaque 2 test/D21_B5.jpg,D21,B5,,,
11,20,35901.24926,213.801053,/app/data/Plaque 2 test/D21_B5.jpg,D21,B5,,,
11,21,42552.05235,232.7637338,/app/data/Plaque 2 test/D21_B5.jpg,D21,B5,,,
11,22,39012.49256,222.8727176,/app/data/Plaque 2 test/D21_B5.jpg,D21,B5,,,
11,23,44544.91374,238.1519383,/app/data/Plaque 2 test/D21_B5.jpg,D21,B5,,,
11,24,37555.02677,218.6699458,/app/data/Plaque 2 test/D21_B5.jpg,D21,B5,,,
11,25,47227.84057,245.2189924,/app/data/Plaque 2 test/D21_B5.jpg,D21,B5,,,
11,26,31879.83343,201.4712501,/app/data/Plaque 2 test/D21_B5.jpg,D21,B5,,,
11,27,27917.90601,188.5369511,/app/data/Plaque 2 test/D21_B5.jpg,D21,B5,,,
11,28,31998.81023,201.8468493,/app/data/Plaque 2 test/D21_B5.jpg,D21,B5,,,
11,29,33741.82035,207.271368,/app/data/Plaque 2 test/D21_B5.jpg,D21,B5,,,
11,30,41695.41939,230.4088905,/app/data/Plaque 2 test/D21_B5.jpg,D21,B5,,,
11,31,36162.99822,214.5790283,/app/data/Plaque 2 test/D21_B5.jpg,D21,B5,,,
11,32,46650.80309,243.7163255,/app/data/Plaque 2 test/D21_B5.jpg,D21,B5,,,
11,33,23819.15526,174.1478981,/app/data/Plaque 2 test/D21_B5.jpg,D21,B5,,,
11,34,30612.73052,197.4267942,/app/data/Plaque 2 test/D21_B5.jpg,D21,B5,,,
11,35,30071.38608,195.673396,/app/data/Plaque 2 test/D21_B5.jpg,D21,B5,,,
11,36,52082.09399,257.5130708,/app/data/Plaque 2 test/D21_B5.jpg,D21,B5,,,
11,37,35758.4771,213.3755073,/app/data/Plaque 2 test/D21_B5.jpg,D21,B5,,,
11,38,62147.53123,281.2982303,/app/data/Plaque 2 test/D21_B5.jpg,D21,B5,,,
11,39,34425.93694,209.3620412,/app/data/Plaque 2 test/D21_B5.jpg,D21,B5,,,
11,40,29482.45092,193.747832,/app/data/Plaque 2 test/D21_B5.jpg,D21,B5,,,
11,41,47251.63593,245.2807604,/app/data/Plaque 2 test/D21_B5.jpg,D21,B5,,,
11,42,25901.24926,181.5998205,/app/data/Plaque 2 test/D21_B5.jpg,D21,B5,,,
11,43,33438.42951,206.3374197,/app/data/Plaque 2 test/D21_B5.jpg,D21,B5,,,
11,44,41023.20048,228.5440025,/app/data/Plaque 2 test/D21_B5.jpg,D21,B5,,,
11,45,48108.26889,247.4941421,/app/data/Plaque 2 test/D21_B5.jpg,D21,B5,,,
11,46,35841.76086,213.6238453,/app/data/Plaque 2 test/D21_B5.jpg,D21,B5,,,
11,47,30196.31172,196.0794181,/app/data/Plaque 2 test/D21_B5.jpg,D21,B5,,,
11,48,37221.89173,217.6979203,/app/data/Plaque 2 test/D21_B5.jpg,D21,B5,,,
11,49,45776.32362,241.4212614,/app/data/Plaque 2 test/D21_B5.jpg,D21,B5,,,
11,50,47596.66865,246.1746549,/app/data/Plaque 2 test/D21_B5.jpg,D21,B5,,,
11,51,56888.75669,269.133823,/app/data/Plaque 2 test/D21_B5.jpg,D21,B5,,,
11,52,41380.13087,229.5360952,/app/data/Plaque 2 test/D21_B5.jpg,D21,B5,,,
11,53,59773.94408,275.8741549,/app/data/Plaque 2 test/D21_B5.jpg,D21,B5,,,
12,1,59292.08804,274.7599519,/app/data/Plaque 2 test/D21_B6.jpg,D21,B6,,,
12,2,54610.35098,263.6893218,/app/data/Plaque 2 test/D21_B6.jpg,D21,B6,,,
12,3,52236.76383,257.8951597,/app/data/Plaque 2 test/D21_B6.jpg,D21,B6,,,
12,4,62385.48483,281.8362402,/app/data/Plaque 2 test/D21_B6.jpg,D21,B6,,,
12,5,59738.25104,275.7917757,/app/data/Plaque 2 test/D21_B6.jpg,D21,B6,,,
12,6,50124.92564,252.6282595,/app/data/Plaque 2 test/D21_B6.jpg,D21,B6,,,
12,7,47549.07793,246.0515522,/app/data/Plaque 2 test/D21_B6.jpg,D21,B6,,,
12,8,37650.20821,218.9468747,/app/data/Plaque 2 test/D21_B6.jpg,D21,B6,,,
12,9,52111.83819,257.5865935,/app/data/Plaque 2 test/D21_B6.jpg,D21,B6,,,
12,10,57906.00833,271.5294085,/app/data/Plaque 2 test/D21_B6.jpg,D21,B6,,,
12,11,50809.04224,254.3463815,/app/data/Plaque 2 test/D21_B6.jpg,D21,B6,,,
12,12,41600.23795,230.1457539,/app/data/Plaque 2 test/D21_B6.jpg,D21,B6,,,
12,13,39767.99524,225.0204083,/app/data/Plaque 2 test/D21_B6.jpg,D21,B6,,,
12,14,44533.01606,238.1201316,/app/data/Plaque 2 test/D21_B6.jpg,D21,B6,,,
12,15,49785.84176,251.7723227,/app/data/Plaque 2 test/D21_B6.jpg,D21,B6,,,
12,16,41737.06127,230.5239183,/app/data/Plaque 2 test/D21_B6.jpg,D21,B6,,,
12,17,63033.90839,283.2971317,/app/data/Plaque 2 test/D21_B6.jpg,D21,B6,,,
12,18,51897.67995,257.056761,/app/data/Plaque 2 test/D21_B6.jpg,D21,B6,,,
12,19,60624.6282,277.8302971,/app/data/Plaque 2 test/D21_B6.jpg,D21,B6,,,
12,20,39101.72516,223.1274585,/app/data/Plaque 2 test/D21_B6.jpg,D21,B6,,,
12,21,32117.78703,202.2217509,/app/data/Plaque 2 test/D21_B6.jpg,D21,B6,,,
12,22,37168.35217,217.5412968,/app/data/Plaque 2 test/D21_B6.jpg,D21,B6,,,
12,23,50844.73528,254.4357042,/app/data/Plaque 2 test/D21_B6.jpg,D21,B6,,,
12,24,41255.20523,229.1893513,/app/data/Plaque 2 test/D21_B6.jpg,D21,B6,,,
12,25,44770.96966,238.7554586,/app/data/Plaque 2 test/D21_B6.jpg,D21,B6,,,
12,26,60588.93516,277.7484981,/app/data/Plaque 2 test/D21_B6.jpg,D21,B6,,,
12,27,43135.03867,234.3528045,/app/data/Plaque 2 test/D21_B6.jpg,D21,B6,,,
12,28,32052.34979,202.0156411,/app/data/Plaque 2 test/D21_B6.jpg,D21,B6,,,
12,29,36763.83105,216.3542547,/app/data/Plaque 2 test/D21_B6.jpg,D21,B6,,,
12,30,46745.98453,243.9648255,/app/data/Plaque 2 test/D21_B6.jpg,D21,B6,,,
12,31,44039.26234,236.79639,/app/data/Plaque 2 test/D21_B6.jpg,D21,B6,,,
12,32,52224.86615,257.8657884,/app/data/Plaque 2 test/D21_B6.jpg,D21,B6,,,
12,33,48625.81797,248.8218526,/app/data/Plaque 2 test/D21_B6.jpg,D21,B6,,,
12,34,51760.85663,256.7176845,/app/data/Plaque 2 test/D21_B6.jpg,D21,B6,,,
12,35,46615.11005,243.6230726,/app/data/Plaque 2 test/D21_B6.jpg,D21,B6,,,
12,36,39702.558,224.8351994,/app/data/Plaque 2 test/D21_B6.jpg,D21,B6,,,
12,37,34306.96014,208.9999481,/app/data/Plaque 2 test/D21_B6.jpg,D21,B6,,,
12,38,91243.30756,340.843934,/app/data/Plaque 2 test/D21_B6.jpg,D21,B6,,,
12,39,39149.31588,223.2632015,/app/data/Plaque 2 test/D21_B6.jpg,D21,B6,,,
12,40,43801.30874,236.1557927,/app/data/Plaque 2 test/D21_B6.jpg,D21,B6,,,
12,41,40452.11184,226.9476337,/app/data/Plaque 2 test/D21_B6.jpg,D21,B6,,,
12,42,47156.45449,245.0335949,/app/data/Plaque 2 test/D21_B6.jpg,D21,B6,,,
12,43,39417.01368,224.025223,/app/data/Plaque 2 test/D21_B6.jpg,D21,B6,,,
12,44,41850.08923,230.8358477,/app/data/Plaque 2 test/D21_B6.jpg,D21,B6,,,
12,45,37370.61273,218.1323954,/app/data/Plaque 2 test/D21_B6.jpg,D21,B6,,,
12,46,49970.2558,252.2381925,/app/data/Plaque 2 test/D21_B6.jpg,D21,B6,,,
12,47,82831.64783,324.7530286,/app/data/Plaque 2 test/D21_B6.jpg,D21,B6,,,
12,48,59494.3486,275.2281914,/app/data/Plaque 2 test/D21_B6.jpg,D21,B6,,,
12,49,103807.2576,363.5539924,/app/data/Plaque 2 test/D21_B6.jpg,D21,B6,,,
12,50,90606.78168,339.6529662,/app/data/Plaque 2 test/D21_B6.jpg,D21,B6,,,
12,51,29190.95776,192.7876598,/app/data/Plaque 2 test/D21_B6.jpg,D21,B6,,,
12,52,31909.57763,201.5652155,/app/data/Plaque 2 test/D21_B6.jpg,D21,B6,,,
12,53,43634.74123,235.7063386,/app/data/Plaque 2 test/D21_B6.jpg,D21,B6,,,
12,54,53075.55027,259.9574763,/app/data/Plaque 2 test/D21_B6.jpg,D21,B6,,,
12,55,44883.99762,239.0566475,/app/data/Plaque 2 test/D21_B6.jpg,D21,B6,,,
13,1,61522.90303,279.8810337,/app/data/Plaque 2 test/D21_C1.jpg,D21,C1,,,
13,2,63634.74123,284.6441093,/app/data/Plaque 2 test/D21_C1.jpg,D21,C1,,,
13,3,67317.07317,292.7639998,/app/data/Plaque 2 test/D21_C1.jpg,D21,C1,,,
13,4,54467.57882,263.3444043,/app/data/Plaque 2 test/D21_C1.jpg,D21,C1,,,
13,5,81231.40988,321.6007514,/app/data/Plaque 2 test/D21_C1.jpg,D21,C1,,,
13,6,62772.15943,282.7083226,/app/data/Plaque 2 test/D21_C1.jpg,D21,C1,,,
13,7,45139.79774,239.7368881,/app/data/Plaque 2 test/D21_C1.jpg,D21,C1,,,
13,8,43343.24807,234.9177248,/app/data/Plaque 2 test/D21_C1.jpg,D21,C1,,,
13,9,86555.62165,331.9729512,/app/data/Plaque 2 test/D21_C1.jpg,D21,C1,,,
13,10,43414.63415,235.1110993,/app/data/Plaque 2 test/D21_C1.jpg,D21,C1,,,
13,11,40582.98632,227.3144585,/app/data/Plaque 2 test/D21_C1.jpg,D21,C1,,,
13,12,58352.17133,272.5734618,/app/data/Plaque 2 test/D21_C1.jpg,D21,C1,,,
13,13,47061.27305,244.7861799,/app/data/Plaque 2 test/D21_C1.jpg,D21,C1,,,
13,14,42111.83819,231.5565972,/app/data/Plaque 2 test/D21_C1.jpg,D21,C1,,,
13,15,60696.01428,277.9938229,/app/data/Plaque 2 test/D21_C1.jpg,D21,C1,,,
13,16,43831.05294,236.2359623,/app/data/Plaque 2 test/D21_C1.jpg,D21,C1,,,
13,17,43200.47591,234.5304975,/app/data/Plaque 2 test/D21_C1.jpg,D21,C1,,,
13,18,51029.14932,254.8967062,/app/data/Plaque 2 test/D21_C1.jpg,D21,C1,,,
13,19,41808.44735,230.7209754,/app/data/Plaque 2 test/D21_C1.jpg,D21,C1,,,
13,20,42183.22427,231.7527762,/app/data/Plaque 2 test/D21_C1.jpg,D21,C1,,,
13,21,40707.91196,227.664058,/app/data/Plaque 2 test/D21_C1.jpg,D21,C1,,,
13,22,64348.60202,286.2362394,/app/data/Plaque 2 test/D21_C1.jpg,D21,C1,,,
13,23,39339.67876,223.80535,/app/data/Plaque 2 test/D21_C1.jpg,D21,C1,,,
13,24,57674.00357,270.9849111,/app/data/Plaque 2 test/D21_C1.jpg,D21,C1,,,
13,25,40922.0702,228.2621257,/app/data/Plaque 2 test/D21_C1.jpg,D21,C1,,,
13,26,42207.01963,231.8181323,/app/data/Plaque 2 test/D21_C1.jpg,D21,C1,,,
13,27,39619.27424,224.599258,/app/data/Plaque 2 test/D21_C1.jpg,D21,C1,,,
13,28,38625.81797,221.7654592,/app/data/Plaque 2 test/D21_C1.jpg,D21,C1,,,
13,29,43628.79239,235.6902708,/app/data/Plaque 2 test/D21_C1.jpg,D21,C1,,,
13,30,45812.01666,241.5153644,/app/data/Plaque 2 test/D21_C1.jpg,D21,C1,,,
13,31,74354.55086,307.6867798,/app/data/Plaque 2 test/D21_C1.jpg,D21,C1,,,
13,32,59702.558,275.7093719,/app/data/Plaque 2 test/D21_C1.jpg,D21,C1,,,
13,33,67953.59905,294.1448784,/app/data/Plaque 2 test/D21_C1.jpg,D21,C1,,,
13,34,36448.54253,215.4245244,/app/data/Plaque 2 test/D21_C1.jpg,D21,C1,,,
13,35,36252.23081,214.8436033,/app/data/Plaque 2 test/D21_C1.jpg,D21,C1,,,
13,36,37989.29209,219.9306003,/app/data/Plaque 2 test/D21_C1.jpg,D21,C1,,,
13,37,36698.39381,216.1616206,/app/data/Plaque 2 test/D21_C1.jpg,D21,C1,,,
13,38,47828.67341,246.7739013,/app/data/Plaque 2 test/D21_C1.jpg,D21,C1,,,
13,39,35496.72814,212.5931278,/app/data/Plaque 2 test/D21_C1.jpg,D21,C1,,,
13,40,56882.80785,269.119751,/app/data/Plaque 2 test/D21_C1.jpg,D21,C1,,,
13,41,33027.95955,205.0670724,/app/data/Plaque 2 test/D21_C1.jpg,D21,C1,,,
13,42,32724.56871,204.1230388,/app/data/Plaque 2 test/D21_C1.jpg,D21,C1,,,
13,43,57656.15705,270.9429814,/app/data/Plaque 2 test/D21_C1.jpg,D21,C1,,,
13,44,42778.10827,233.3811884,/app/data/Plaque 2 test/D21_C1.jpg,D21,C1,,,
13,45,38560.38073,221.5775295,/app/data/Plaque 2 test/D21_C1.jpg,D21,C1,,,
13,46,63700.17847,284.7904251,/app/data/Plaque 2 test/D21_C1.jpg,D21,C1,,,
13,47,44640.09518,238.4062383,/app/data/Plaque 2 test/D21_C1.jpg,D21,C1,,,
13,48,39863.17668,225.2895313,/app/data/Plaque 2 test/D21_C1.jpg,D21,C1,,,
13,49,32920.88043,204.7343811,/app/data/Plaque 2 test/D21_C1.jpg,D21,C1,,,
13,50,72218.91731,303.2358511,/app/data/Plaque 2 test/D21_C1.jpg,D21,C1,,,
13,51,71148.12612,300.9794141,/app/data/Plaque 2 test/D21_C1.jpg,D21,C1,,,
13,52,53985.72278,262.1769576,/app/data/Plaque 2 test/D21_C1.jpg,D21,C1,,,
13,53,48786.43664,249.2324625,/app/data/Plaque 2 test/D21_C1.jpg,D21,C1,,,
13,54,50660.32124,253.9738655,/app/data/Plaque 2 test/D21_C1.jpg,D21,C1,,,
13,55,63152.88519,283.564368,/app/data/Plaque 2 test/D21_C1.jpg,D21,C1,,,
14,1,56567.51933,268.3728797,/app/data/Plaque 2 test/D21_C2.jpg,D21,C2,,,
14,2,54437.83462,263.2724896,/app/data/Plaque 2 test/D21_C2.jpg,D21,C2,,,
14,3,46436.64485,243.1562719,/app/data/Plaque 2 test/D21_C2.jpg,D21,C2,,,
14,4,38108.26889,220.274726,/app/data/Plaque 2 test/D21_C2.jpg,D21,C2,,,
14,5,40000,225.6758334,/app/data/Plaque 2 test/D21_C2.jpg,D21,C2,,,
14,6,33259.96431,205.7860584,/app/data/Plaque 2 test/D21_C2.jpg,D21,C2,,,
14,7,35544.31886,212.7355926,/app/data/Plaque 2 test/D21_C2.jpg,D21,C2,,,
14,8,41207.61452,229.0571203,/app/data/Plaque 2 test/D21_C2.jpg,D21,C2,,,
14,9,40053.53956,225.8268152,/app/data/Plaque 2 test/D21_C2.jpg,D21,C2,,,
14,10,37436.04997,218.3232906,/app/data/Plaque 2 test/D21_C2.jpg,D21,C2,,,
14,11,28138.01309,189.2787124,/app/data/Plaque 2 test/D21_C2.jpg,D21,C2,,,
14,12,30707.91196,197.7334768,/app/data/Plaque 2 test/D21_C2.jpg,D21,C2,,,
14,13,31106.48424,199.0125771,/app/data/Plaque 2 test/D21_C2.jpg,D21,C2,,,
14,14,55371.8025,265.5213148,/app/data/Plaque 2 test/D21_C2.jpg,D21,C2,,,
14,15,25151.69542,178.9528799,/app/data/Plaque 2 test/D21_C2.jpg,D21,C2,,,
14,16,26710.29149,184.414206,/app/data/Plaque 2 test/D21_C2.jpg,D21,C2,,,
14,17,43010.11303,234.0131978,/app/data/Plaque 2 test/D21_C2.jpg,D21,C2,,,
14,18,35270.67222,211.9151119,/app/data/Plaque 2 test/D21_C2.jpg,D21,C2,,,
14,19,27162.40333,185.9684007,/app/data/Plaque 2 test/D21_C2.jpg,D21,C2,,,
14,20,25002.97442,178.4230248,/app/data/Plaque 2 test/D21_C2.jpg,D21,C2,,,
14,21,20493.75372,161.5346949,/app/data/Plaque 2 test/D21_C2.jpg,D21,C2,,,
14,22,24235.57406,175.6635742,/app/data/Plaque 2 test/D21_C2.jpg,D21,C2,,,
14,23,33349.19691,206.0619234,/app/data/Plaque 2 test/D21_C2.jpg,D21,C2,,,
14,24,45770.37478,241.405574,/app/data/Plaque 2 test/D21_C2.jpg,D21,C2,,,
14,25,36281.97501,214.9317225,/app/data/Plaque 2 test/D21_C2.jpg,D21,C2,,,
14,26,22617.48959,169.698209,/app/data/Plaque 2 test/D21_C2.jpg,D21,C2,,,
14,27,30826.88876,198.1161624,/app/data/Plaque 2 test/D21_C2.jpg,D21,C2,,,
14,28,24741.22546,177.4866379,/app/data/Plaque 2 test/D21_C2.jpg,D21,C2,,,
14,29,22088.04283,167.7002373,/app/data/Plaque 2 test/D21_C2.jpg,D21,C2,,,
14,30,40999.40512,228.4777099,/app/data/Plaque 2 test/D21_C2.jpg,D21,C2,,,
14,31,21279.00059,164.600319,/app/data/Plaque 2 test/D21_C2.jpg,D21,C2,,,
14,32,41154.07496,228.9082691,/app/data/Plaque 2 test/D21_C2.jpg,D21,C2,,,
14,33,34919.69066,210.8580827,/app/data/Plaque 2 test/D21_C2.jpg,D21,C2,,,
14,34,22837.59667,170.5219375,/app/data/Plaque 2 test/D21_C2.jpg,D21,C2,,,
14,35,18364.06901,152.9112777,/app/data/Plaque 2 test/D21_C2.jpg,D21,C2,,,
14,36,27560.97561,187.3278517,/app/data/Plaque 2 test/D21_C2.jpg,D21,C2,,,
14,37,21249.2564,164.4852381,/app/data/Plaque 2 test/D21_C2.jpg,D21,C2,,,
14,38,24544.91374,176.7810929,/app/data/Plaque 2 test/D21_C2.jpg,D21,C2,,,
14,39,45675.19334,241.1544368,/app/data/Plaque 2 test/D21_C2.jpg,D21,C2,,,
14,40,36406.90065,215.3014297,/app/data/Plaque 2 test/D21_C2.jpg,D21,C2,,,
14,41,25794.17014,181.2240532,/app/data/Plaque 2 test/D21_C2.jpg,D21,C2,,,
14,42,21546.69839,165.6324499,/app/data/Plaque 2 test/D21_C2.jpg,D21,C2,,,
14,43,22254.61035,168.3313695,/app/data/Plaque 2 test/D21_C2.jpg,D21,C2,,,
14,44,27067.22189,185.6422831,/app/data/Plaque 2 test/D21_C2.jpg,D21,C2,,,
14,45,52373.58715,258.2326901,/app/data/Plaque 2 test/D21_C2.jpg,D21,C2,,,
14,46,24961.33254,178.2743831,/app/data/Plaque 2 test/D21_C2.jpg,D21,C2,,,
14,47,43396.78763,235.0627706,/app/data/Plaque 2 test/D21_C2.jpg,D21,C2,,,
14,48,42504.46163,232.6335345,/app/data/Plaque 2 test/D21_C2.jpg,D21,C2,,,
14,49,37358.71505,218.0976693,/app/data/Plaque 2 test/D21_C2.jpg,D21,C2,,,
14,50,40933.96788,228.2953057,/app/data/Plaque 2 test/D21_C2.jpg,D21,C2,,,
14,51,31112.43308,199.0316058,/app/data/Plaque 2 test/D21_C2.jpg,D21,C2,,,
14,52,38149.91077,220.3950431,/app/data/Plaque 2 test/D21_C2.jpg,D21,C2,,,
14,53,50690.06544,254.0484124,/app/data/Plaque 2 test/D21_C2.jpg,D21,C2,,,
14,54,48405.71089,248.2580619,/app/data/Plaque 2 test/D21_C2.jpg,D21,C2,,,
14,55,38370.01785,221.0299167,/app/data/Plaque 2 test/D21_C2.jpg,D21,C2,,,
15,1,90374.77692,339.2178353,/app/data/Plaque 2 test/D21_C3.jpg,D21,C3,,,
15,2,47906.00833,246.973327,/app/data/Plaque 2 test/D21_C3.jpg,D21,C3,,,
15,3,98792.38548,354.6637449,/app/data/Plaque 2 test/D21_C3.jpg,D21,C3,,,
15,4,108905.4134,372.3743802,/app/data/Plaque 2 test/D21_C3.jpg,D21,C3,,,
15,5,59869.12552,276.0937126,/app/data/Plaque 2 test/D21_C3.jpg,D21,C3,,,
15,6,37971.44557,219.878935,/app/data/Plaque 2 test/D21_C3.jpg,D21,C3,,,
15,7,54883.99762,264.3491557,/app/data/Plaque 2 test/D21_C3.jpg,D21,C3,,,
15,8,42956.57347,233.867501,/app/data/Plaque 2 test/D21_C3.jpg,D21,C3,,,
15,9,58590.12493,273.1286583,/app/data/Plaque 2 test/D21_C3.jpg,D21,C3,,,
15,10,50446.163,253.4364804,/app/data/Plaque 2 test/D21_C3.jpg,D21,C3,,,
15,11,41064.84236,228.6599685,/app/data/Plaque 2 test/D21_C3.jpg,D21,C3,,,
15,12,41290.89827,229.2884745,/app/data/Plaque 2 test/D21_C3.jpg,D21,C3,,,
15,13,36644.85425,216.0038832,/app/data/Plaque 2 test/D21_C3.jpg,D21,C3,,,
15,14,37471.74301,218.4273449,/app/data/Plaque 2 test/D21_C3.jpg,D21,C3,,,
15,15,55556.21654,265.9631024,/app/data/Plaque 2 test/D21_C3.jpg,D21,C3,,,
15,16,47929.80369,247.0346563,/app/data/Plaque 2 test/D21_C3.jpg,D21,C3,,,
15,17,42944.67579,233.8351117,/app/data/Plaque 2 test/D21_C3.jpg,D21,C3,,,
15,18,39767.99524,225.0204083,/app/data/Plaque 2 test/D21_C3.jpg,D21,C3,,,
15,19,38221.29685,220.6011482,/app/data/Plaque 2 test/D21_C3.jpg,D21,C3,,,
15,20,35675.19334,213.1268799,/app/data/Plaque 2 test/D21_C3.jpg,D21,C3,,,
15,21,45770.37478,241.405574,/app/data/Plaque 2 test/D21_C3.jpg,D21,C3,,,
15,22,34687.6859,210.1564498,/app/data/Plaque 2 test/D21_C3.jpg,D21,C3,,,
15,23,40475.9072,227.0143732,/app/data/Plaque 2 test/D21_C3.jpg,D21,C3,,,
15,24,55455.08626,265.7209227,/app/data/Plaque 2 test/D21_C3.jpg,D21,C3,,,
15,25,45930.99346,241.8287766,/app/data/Plaque 2 test/D21_C3.jpg,D21,C3,,,
15,26,43563.35515,235.5134528,/app/data/Plaque 2 test/D21_C3.jpg,D21,C3,,,
15,27,33146.93635,205.4360975,/app/data/Plaque 2 test/D21_C3.jpg,D21,C3,,,
15,28,30981.5586,198.6125514,/app/data/Plaque 2 test/D21_C3.jpg,D21,C3,,,
15,29,31493.15883,200.2456871,/app/data/Plaque 2 test/D21_C3.jpg,D21,C3,,,
15,30,33176.68055,205.5282502,/app/data/Plaque 2 test/D21_C3.jpg,D21,C3,,,
15,31,60386.6746,277.2845147,/app/data/Plaque 2 test/D21_C3.jpg,D21,C3,,,
15,32,40113.02796,225.9944545,/app/data/Plaque 2 test/D21_C3.jpg,D21,C3,,,
15,33,45336.10946,240.2576271,/app/data/Plaque 2 test/D21_C3.jpg,D21,C3,,,
15,34,43146.93635,234.3851224,/app/data/Plaque 2 test/D21_C3.jpg,D21,C3,,,
15,35,28435.45509,190.2764985,/app/data/Plaque 2 test/D21_C3.jpg,D21,C3,,,
15,36,27709.69661,187.832589,/app/data/Plaque 2 test/D21_C3.jpg,D21,C3,,,
15,37,35978.58418,214.0312037,/app/data/Plaque 2 test/D21_C3.jpg,D21,C3,,,
15,38,40196.31172,226.2289408,/app/data/Plaque 2 test/D21_C3.jpg,D21,C3,,,
15,39,50279.59548,253.0177252,/app/data/Plaque 2 test/D21_C3.jpg,D21,C3,,,
15,40,50803.0934,254.3314914,/app/data/Plaque 2 test/D21_C3.jpg,D21,C3,,,
15,41,37013.68233,217.0881942,/app/data/Plaque 2 test/D21_C3.jpg,D21,C3,,,
15,42,37566.92445,218.7045811,/app/data/Plaque 2 test/D21_C3.jpg,D21,C3,,,
15,43,35348.00714,212.1473085,/app/data/Plaque 2 test/D21_C3.jpg,D21,C3,,,
15,44,39857.22784,225.2727206,/app/data/Plaque 2 test/D21_C3.jpg,D21,C3,,,
15,45,44063.0577,236.8603545,/app/data/Plaque 2 test/D21_C3.jpg,D21,C3,,,
15,46,52903.03391,259.5346505,/app/data/Plaque 2 test/D21_C3.jpg,D21,C3,,,
15,47,45401.5467,240.4309561,/app/data/Plaque 2 test/D21_C3.jpg,D21,C3,,,
15,48,51112.43308,255.1046276,/app/data/Plaque 2 test/D21_C3.jpg,D21,C3,,,
15,49,40826.88876,227.9965115,/app/data/Plaque 2 test/D21_C3.jpg,D21,C3,,,
15,50,38792.38548,222.2431084,/app/data/Plaque 2 test/D21_C3.jpg,D21,C3,,,
15,51,49107.674,250.0516596,/app/data/Plaque 2 test/D21_C3.jpg,D21,C3,,,
15,52,52040.45211,257.4101038,/app/data/Plaque 2 test/D21_C3.jpg,D21,C3,,,
15,53,61873.88459,280.678244,/app/data/Plaque 2 test/D21_C3.jpg,D21,C3,,,
15,54,49173.11124,250.2182043,/app/data/Plaque 2 test/D21_C3.jpg,D21,C3,,,
15,55,38572.27841,221.6117104,/app/data/Plaque 2 test/D21_C3.jpg,D21,C3,,,
16,1,58542.53421,273.0177093,/app/data/Plaque 2 test/D21_C4.jpg,D21,C4,,,
16,2,52974.41999,259.7096964,/app/data/Plaque 2 test/D21_C4.jpg,D21,C4,,,
16,3,52926.82927,259.5930122,/app/data/Plaque 2 test/D21_C4.jpg,D21,C4,,,
16,4,42439.02439,232.4543914,/app/data/Plaque 2 test/D21_C4.jpg,D21,C4,,,
16,5,55116.00238,264.9072928,/app/data/Plaque 2 test/D21_C4.jpg,D21,C4,,,
16,6,81915.52647,322.9521445,/app/data/Plaque 2 test/D21_C4.jpg,D21,C4,,,
16,7,44604.40214,238.3109076,/app/data/Plaque 2 test/D21_C4.jpg,D21,C4,,,
16,8,51909.57763,257.0862248,/app/data/Plaque 2 test/D21_C4.jpg,D21,C4,,,
16,9,56597.26353,268.443428,/app/data/Plaque 2 test/D21_C4.jpg,D21,C4,,,
16,10,34247.47174,208.8186661,/app/data/Plaque 2 test/D21_C4.jpg,D21,C4,,,
16,11,32671.02915,203.955991,/app/data/Plaque 2 test/D21_C4.jpg,D21,C4,,,
16,12,40993.45628,228.4611337,/app/data/Plaque 2 test/D21_C4.jpg,D21,C4,,,
16,13,44592.50446,238.2791222,/app/data/Plaque 2 test/D21_C4.jpg,D21,C4,,,
16,14,30291.49316,196.3882047,/app/data/Plaque 2 test/D21_C4.jpg,D21,C4,,,
16,15,35901.24926,213.801053,/app/data/Plaque 2 test/D21_C4.jpg,D21,C4,,,
16,16,44842.35574,238.9457273,/app/data/Plaque 2 test/D21_C4.jpg,D21,C4,,,
16,17,51760.85663,256.7176845,/app/data/Plaque 2 test/D21_C4.jpg,D21,C4,,,
16,18,29042.23676,192.295929,/app/data/Plaque 2 test/D21_C4.jpg,D21,C4,,,
16,19,26995.83581,185.3973185,/app/data/Plaque 2 test/D21_C4.jpg,D21,C4,,,
16,20,51915.52647,257.1009554,/app/data/Plaque 2 test/D21_C4.jpg,D21,C4,,,
16,21,28970.85068,192.059451,/app/data/Plaque 2 test/D21_C4.jpg,D21,C4,,,
16,22,37346.81737,218.0629376,/app/data/Plaque 2 test/D21_C4.jpg,D21,C4,,,
16,23,28637.71565,190.952015,/app/data/Plaque 2 test/D21_C4.jpg,D21,C4,,,
16,24,25455.08626,180.0289489,/app/data/Plaque 2 test/D21_C4.jpg,D21,C4,,,
16,25,35865.55622,213.694746,/app/data/Plaque 2 test/D21_C4.jpg,D21,C4,,,
16,26,43313.50387,234.8371051,/app/data/Plaque 2 test/D21_C4.jpg,D21,C4,,,
16,27,33569.30399,206.7408168,/app/data/Plaque 2 test/D21_C4.jpg,D21,C4,,,
16,28,23289.70851,172.2015617,/app/data/Plaque 2 test/D21_C4.jpg,D21,C4,,,
16,29,29464.6044,193.6891827,/app/data/Plaque 2 test/D21_C4.jpg,D21,C4,,,
16,30,53682.33195,261.4392241,/app/data/Plaque 2 test/D21_C4.jpg,D21,C4,,,
16,31,29393.21832,193.4544078,/app/data/Plaque 2 test/D21_C4.jpg,D21,C4,,,
16,32,32492.56395,203.3981744,/app/data/Plaque 2 test/D21_C4.jpg,D21,C4,,,
16,33,35288.51874,211.9687183,/app/data/Plaque 2 test/D21_C4.jpg,D21,C4,,,
16,34,38096.37121,220.2403377,/app/data/Plaque 2 test/D21_C4.jpg,D21,C4,,,
16,35,54824.50922,264.2058538,/app/data/Plaque 2 test/D21_C4.jpg,D21,C4,,,
16,36,32367.63831,203.0067907,/app/data/Plaque 2 test/D21_C4.jpg,D21,C4,,,
16,37,32593.69423,203.714458,/app/data/Plaque 2 test/D21_C4.jpg,D21,C4,,,
16,38,30672.21892,197.6185266,/app/data/Plaque 2 test/D21_C4.jpg,D21,C4,,,
16,39,53146.93635,260.1322376,/app/data/Plaque 2 test/D21_C4.jpg,D21,C4,,,
16,40,40434.26532,226.8975662,/app/data/Plaque 2 test/D21_C4.jpg,D21,C4,,,
16,41,31683.52171,200.8499758,/app/data/Plaque 2 test/D21_C4.jpg,D21,C4,,,
16,42,33402.73647,206.2272653,/app/data/Plaque 2 test/D21_C4.jpg,D21,C4,,,
16,43,42986.31767,233.9484549,/app/data/Plaque 2 test/D21_C4.jpg,D21,C4,,,
16,44,39601.42772,224.5486669,/app/data/Plaque 2 test/D21_C4.jpg,D21,C4,,,
16,45,35907.1981,213.8187657,/app/data/Plaque 2 test/D21_C4.jpg,D21,C4,,,
16,46,37965.49673,219.8617106,/app/data/Plaque 2 test/D21_C4.jpg,D21,C4,,,
16,47,47215.94289,245.1881025,/app/data/Plaque 2 test/D21_C4.jpg,D21,C4,,,
16,48,37804.87805,219.3961388,/app/data/Plaque 2 test/D21_C4.jpg,D21,C4,,,
16,49,40719.80964,227.6973252,/app/data/Plaque 2 test/D21_C4.jpg,D21,C4,,,
16,50,52986.31767,259.7388592,/app/data/Plaque 2 test/D21_C4.jpg,D21,C4,,,
16,51,50475.9072,253.5111854,/app/data/Plaque 2 test/D21_C4.jpg,D21,C4,,,
16,52,57602.61749,270.8171532,/app/data/Plaque 2 test/D21_C4.jpg,D21,C4,,,
16,53,53372.99227,260.6848756,/app/data/Plaque 2 test/D21_C4.jpg,D21,C4,,,
16,54,57513.38489,270.6073096,/app/data/Plaque 2 test/D21_C4.jpg,D21,C4,,,
16,55,56377.15645,267.9209305,/app/data/Plaque 2 test/D21_C4.jpg,D21,C4,,,
17,1,32629.38727,203.8259704,/app/data/Plaque 2 test/D21_C5.jpg,D21,C5,,,
17,2,39988.10232,225.6422682,/app/data/Plaque 2 test/D21_C5.jpg,D21,C5,,,
17,3,40130.87448,226.044722,/app/data/Plaque 2 test/D21_C5.jpg,D21,C5,,,
17,4,38750.7436,222.1237924,/app/data/Plaque 2 test/D21_C5.jpg,D21,C5,,,
17,5,35502.67698,212.6109411,/app/data/Plaque 2 test/D21_C5.jpg,D21,C5,,,
17,6,36317.66805,215.037418,/app/data/Plaque 2 test/D21_C5.jpg,D21,C5,,,
17,7,62040.45211,281.0557898,/app/data/Plaque 2 test/D21_C5.jpg,D21,C5,,,
17,8,43640.69007,235.7224053,/app/data/Plaque 2 test/D21_C5.jpg,D21,C5,,,
17,9,38953.00416,222.7027285,/app/data/Plaque 2 test/D21_C5.jpg,D21,C5,,,
17,10,61403.92623,279.6102771,/app/data/Plaque 2 test/D21_C5.jpg,D21,C5,,,
17,11,38072.57585,220.1715448,/app/data/Plaque 2 test/D21_C5.jpg,D21,C5,,,
17,12,32974.41999,204.9007943,/app/data/Plaque 2 test/D21_C5.jpg,D21,C5,,,
17,13,29434.8602,193.5913944,/app/data/Plaque 2 test/D21_C5.jpg,D21,C5,,,
17,14,32950.62463,204.8268496,/app/data/Plaque 2 test/D21_C5.jpg,D21,C5,,,
17,15,39422.96252,224.0421274,/app/data/Plaque 2 test/D21_C5.jpg,D21,C5,,,
17,16,63152.88519,283.564368,/app/data/Plaque 2 test/D21_C5.jpg,D21,C5,,,
17,17,39482.45092,224.2111011,/app/data/Plaque 2 test/D21_C5.jpg,D21,C5,,,
17,18,32724.56871,204.1230388,/app/data/Plaque 2 test/D21_C5.jpg,D21,C5,,,
17,19,32474.71743,203.3423085,/app/data/Plaque 2 test/D21_C5.jpg,D21,C5,,,
17,20,32427.12671,203.1932579,/app/data/Plaque 2 test/D21_C5.jpg,D21,C5,,,
17,21,33771.56454,207.3627051,/app/data/Plaque 2 test/D21_C5.jpg,D21,C5,,,
17,22,33997.62046,208.055557,/app/data/Plaque 2 test/D21_C5.jpg,D21,C5,,,
17,23,58001.18977,271.7524764,/app/data/Plaque 2 test/D21_C5.jpg,D21,C5,,,
17,24,39321.83224,223.7545794,/app/data/Plaque 2 test/D21_C5.jpg,D21,C5,,,
17,25,33378.94111,206.1537964,/app/data/Plaque 2 test/D21_C5.jpg,D21,C5,,,
17,26,32117.78703,202.2217509,/app/data/Plaque 2 test/D21_C5.jpg,D21,C5,,,
17,27,65407.49554,288.5817213,/app/data/Plaque 2 test/D21_C5.jpg,D21,C5,,,
17,28,39214.75312,223.4497134,/app/data/Plaque 2 test/D21_C5.jpg,D21,C5,,,
17,29,30362.87924,196.6194765,/app/data/Plaque 2 test/D21_C5.jpg,D21,C5,,,
17,30,38655.56217,221.8508291,/app/data/Plaque 2 test/D21_C5.jpg,D21,C5,,,
17,31,54086.85306,262.4224079,/app/data/Plaque 2 test/D21_C5.jpg,D21,C5,,,
17,32,34229.62522,208.7642509,/app/data/Plaque 2 test/D21_C5.jpg,D21,C5,,,
17,33,35193.3373,211.6826605,/app/data/Plaque 2 test/D21_C5.jpg,D21,C5,,,
17,34,46638.90541,243.6852451,/app/data/Plaque 2 test/D21_C5.jpg,D21,C5,,,
17,35,40065.43724,225.860353,/app/data/Plaque 2 test/D21_C5.jpg,D21,C5,,,
17,36,45823.91434,241.5467239,/app/data/Plaque 2 test/D21_C5.jpg,D21,C5,,,
17,37,34770.96966,210.4085872,/app/data/Plaque 2 test/D21_C5.jpg,D21,C5,,,
17,38,54015.46698,262.2491727,/app/data/Plaque 2 test/D21_C5.jpg,D21,C5,,,
17,39,39250.44616,223.5513816,/app/data/Plaque 2 test/D21_C5.jpg,D21,C5,,,
17,40,42968.47115,233.8998859,/app/data/Plaque 2 test/D21_C5.jpg,D21,C5,,,
17,41,31279.00059,199.5636752,/app/data/Plaque 2 test/D21_C5.jpg,D21,C5,,,
17,42,38732.89709,222.0726373,/app/data/Plaque 2 test/D21_C5.jpg,D21,C5,,,
17,43,30922.0702,198.4217795,/app/data/Plaque 2 test/D21_C5.jpg,D21,C5,,,
17,44,34895.8953,210.7862278,/app/data/Plaque 2 test/D21_C5.jpg,D21,C5,,,
17,45,42248.66151,231.9324612,/app/data/Plaque 2 test/D21_C5.jpg,D21,C5,,,
17,46,70969.66092,300.6016945,/app/data/Plaque 2 test/D21_C5.jpg,D21,C5,,,
17,47,60654.3724,277.8984446,/app/data/Plaque 2 test/D21_C5.jpg,D21,C5,,,
17,48,44069.00654,236.8763429,/app/data/Plaque 2 test/D21_C5.jpg,D21,C5,,,
17,49,35389.64902,212.2722323,/app/data/Plaque 2 test/D21_C5.jpg,D21,C5,,,
17,50,34027.36466,208.14655,/app/data/Plaque 2 test/D21_C5.jpg,D21,C5,,,
17,51,41148.12612,228.8917241,/app/data/Plaque 2 test/D21_C5.jpg,D21,C5,,,
17,52,41255.20523,229.1893513,/app/data/Plaque 2 test/D21_C5.jpg,D21,C5,,,
17,53,41665.67519,230.3266926,/app/data/Plaque 2 test/D21_C5.jpg,D21,C5,,,
17,54,34794.76502,210.480571,/app/data/Plaque 2 test/D21_C5.jpg,D21,C5,,,
17,55,39506.24628,224.2786549,/app/data/Plaque 2 test/D21_C5.jpg,D21,C5,,,
18,1,77340.86853,313.8047996,/app/data/Plaque 2 test/D21_C6.jpg,D21,C6,,,
18,2,69821.5348,298.1602576,/app/data/Plaque 2 test/D21_C6.jpg,D21,C6,,,
18,3,46609.16121,243.607527,/app/data/Plaque 2 test/D21_C6.jpg,D21,C6,,,
18,4,93140.98751,344.370133,/app/data/Plaque 2 test/D21_C6.jpg,D21,C6,,,
18,5,42355.74063,232.2261913,/app/data/Plaque 2 test/D21_C6.jpg,D21,C6,,,
18,6,52873.28971,259.4616799,/app/data/Plaque 2 test/D21_C6.jpg,D21,C6,,,
18,7,61499.10767,279.8269034,/app/data/Plaque 2 test/D21_C6.jpg,D21,C6,,,
18,8,45645.44914,241.0759027,/app/data/Plaque 2 test/D21_C6.jpg,D21,C6,,,
18,9,42801.90363,233.4460886,/app/data/Plaque 2 test/D21_C6.jpg,D21,C6,,,
18,10,47269.48245,245.3270762,/app/data/Plaque 2 test/D21_C6.jpg,D21,C6,,,
18,11,39922.66508,225.4575701,/app/data/Plaque 2 test/D21_C6.jpg,D21,C6,,,
18,12,62260.55919,281.5539132,/app/data/Plaque 2 test/D21_C6.jpg,D21,C6,,,
18,13,55413.44438,265.6211375,/app/data/Plaque 2 test/D21_C6.jpg,D21,C6,,,
18,14,58316.47829,272.4900847,/app/data/Plaque 2 test/D21_C6.jpg,D21,C6,,,
18,15,46847.11481,244.2285797,/app/data/Plaque 2 test/D21_C6.jpg,D21,C6,,,
18,16,30446.163,196.8889502,/app/data/Plaque 2 test/D21_C6.jpg,D21,C6,,,
18,17,42659.13147,233.0564162,/app/data/Plaque 2 test/D21_C6.jpg,D21,C6,,,
18,18,31963.11719,201.734243,/app/data/Plaque 2 test/D21_C6.jpg,D21,C6,,,
18,19,32248.66151,202.6333415,/app/data/Plaque 2 test/D21_C6.jpg,D21,C6,,,
18,20,59589.53004,275.4482639,/app/data/Plaque 2 test/D21_C6.jpg,D21,C6,,,
18,21,52599.64307,258.7893846,/app/data/Plaque 2 test/D21_C6.jpg,D21,C6,,,
18,22,30618.67936,197.4459758,/app/data/Plaque 2 test/D21_C6.jpg,D21,C6,,,
18,23,39464.6044,224.1604223,/app/data/Plaque 2 test/D21_C6.jpg,D21,C6,,,
18,24,29916.71624,195.1695319,/app/data/Plaque 2 test/D21_C6.jpg,D21,C6,,,
18,25,40535.3956,227.1811362,/app/data/Plaque 2 test/D21_C6.jpg,D21,C6,,,
18,26,55687.09102,266.2761845,/app/data/Plaque 2 test/D21_C6.jpg,D21,C6,,,
18,27,32010.70791,201.8843708,/app/data/Plaque 2 test/D21_C6.jpg,D21,C6,,,
18,28,35455.08626,212.4683927,/app/data/Plaque 2 test/D21_C6.jpg,D21,C6,,,
18,29,44205.82986,237.243779,/app/data/Plaque 2 test/D21_C6.jpg,D21,C6,,,
18,30,44015.46698,236.7324083,/app/data/Plaque 2 test/D21_C6.jpg,D21,C6,,,
18,31,29506.24628,193.8260034,/app/data/Plaque 2 test/D21_C6.jpg,D21,C6,,,
18,32,50434.26532,253.4065923,/app/data/Plaque 2 test/D21_C6.jpg,D21,C6,,,
18,33,34538.9649,209.7054504,/app/data/Plaque 2 test/D21_C6.jpg,D21,C6,,,
18,34,41713.26591,230.4581951,/app/data/Plaque 2 test/D21_C6.jpg,D21,C6,,,
18,35,63813.20642,285.0429755,/app/data/Plaque 2 test/D21_C6.jpg,D21,C6,,,
18,36,42308.14991,232.0956905,/app/data/Plaque 2 test/D21_C6.jpg,D21,C6,,,
18,37,33384.88995,206.1721661,/app/data/Plaque 2 test/D21_C6.jpg,D21,C6,,,
18,38,43950.02974,236.5563693,/app/data/Plaque 2 test/D21_C6.jpg,D21,C6,,,
18,39,38625.81797,221.7654592,/app/data/Plaque 2 test/D21_C6.jpg,D21,C6,,,
18,40,42135.63355,231.6220086,/app/data/Plaque 2 test/D21_C6.jpg,D21,C6,,,
18,41,37323.02201,217.9934576,/app/data/Plaque 2 test/D21_C6.jpg,D21,C6,,,
18,42,56341.46341,267.8361052,/app/data/Plaque 2 test/D21_C6.jpg,D21,C6,,,
18,43,38958.953,222.7197333,/app/data/Plaque 2 test/D21_C6.jpg,D21,C6,,,
18,44,48155.85961,247.6165276,/app/data/Plaque 2 test/D21_C6.jpg,D21,C6,,,
18,45,42653.18263,233.0401657,/app/data/Plaque 2 test/D21_C6.jpg,D21,C6,,,
18,46,41475.31231,229.7999299,/app/data/Plaque 2 test/D21_C6.jpg,D21,C6,,,
18,47,43355.14575,234.949965,/app/data/Plaque 2 test/D21_C6.jpg,D21,C6,,,
18,48,71273.05175,301.243536,/app/data/Plaque 2 test/D21_C6.jpg,D21,C6,,,
18,49,70136.82332,298.8326906,/app/data/Plaque 2 test/D21_C6.jpg,D21,C6,,,
18,50,42064.24747,231.4257188,/app/data/Plaque 2 test/D21_C6.jpg,D21,C6,,,
18,51,64895.8953,287.4509005,/app/data/Plaque 2 test/D21_C6.jpg,D21,C6,,,
18,52,50493.75372,253.5559978,/app/data/Plaque 2 test/D21_C6.jpg,D21,C6,,,
18,53,74003.5693,306.9597219,/app/data/Plaque 2 test/D21_C6.jpg,D21,C6,,,
18,54,50612.73052,253.8545449,/app/data/Plaque 2 test/D21_C6.jpg,D21,C6,,,
18,55,63694.22963,284.7771268,/app/data/Plaque 2 test/D21_C6.jpg,D21,C6,,,
19,1,52320.04759,258.1006656,/app/data/Plaque 2 test/D21_D1.jpg,D21,D1,,,
19,2,45127.90006,239.7052918,/app/data/Plaque 2 test/D21_D1.jpg,D21,D1,,,
19,3,69803.68828,298.1221499,/app/data/Plaque 2 test/D21_D1.jpg,D21,D1,,,
19,4,30749.55384,197.8675009,/app/data/Plaque 2 test/D21_D1.jpg,D21,D1,,,
19,5,37929.80369,219.7583354,/app/data/Plaque 2 test/D21_D1.jpg,D21,D1,,,
19,6,69773.94408,298.0586264,/app/data/Plaque 2 test/D21_D1.jpg,D21,D1,,,
19,7,31064.84236,198.8793246,/app/data/Plaque 2 test/D21_D1.jpg,D21,D1,,,
19,8,32558.00119,203.6028846,/app/data/Plaque 2 test/D21_D1.jpg,D21,D1,,,
19,9,48096.37121,247.4635363,/app/data/Plaque 2 test/D21_D1.jpg,D21,D1,,,
19,10,41177.87032,228.9744371,/app/data/Plaque 2 test/D21_D1.jpg,D21,D1,,,
19,11,28964.90184,192.0397314,/app/data/Plaque 2 test/D21_D1.jpg,D21,D1,,,
19,12,36841.16597,216.5816922,/app/data/Plaque 2 test/D21_D1.jpg,D21,D1,,,
19,13,50184.41404,252.778125,/app/data/Plaque 2 test/D21_D1.jpg,D21,D1,,,
19,14,32605.59191,203.7516356,/app/data/Plaque 2 test/D21_D1.jpg,D21,D1,,,
19,15,40452.11184,226.9476337,/app/data/Plaque 2 test/D21_D1.jpg,D21,D1,,,
19,16,34509.2207,209.6151341,/app/data/Plaque 2 test/D21_D1.jpg,D21,D1,,,
19,17,75050.56514,309.1235148,/app/data/Plaque 2 test/D21_D1.jpg,D21,D1,,,
19,18,61183.81916,279.108685,/app/data/Plaque 2 test/D21_D1.jpg,D21,D1,,,
19,19,28893.51576,191.8029376,/app/data/Plaque 2 test/D21_D1.jpg,D21,D1,,,
19,20,29803.68828,194.8004992,/app/data/Plaque 2 test/D21_D1.jpg,D21,D1,,,
19,21,48905.41344,249.5361824,/app/data/Plaque 2 test/D21_D1.jpg,D21,D1,,,
19,22,39327.78108,223.7715042,/app/data/Plaque 2 test/D21_D1.jpg,D21,D1,,,
19,23,35288.51874,211.9687183,/app/data/Plaque 2 test/D21_D1.jpg,D21,D1,,,
19,24,34128.49494,208.4556292,/app/data/Plaque 2 test/D21_D1.jpg,D21,D1,,,
19,25,44544.91374,238.1519383,/app/data/Plaque 2 test/D21_D1.jpg,D21,D1,,,
19,26,60410.46996,277.3391412,/app/data/Plaque 2 test/D21_D1.jpg,D21,D1,,,
19,27,39988.10232,225.6422682,/app/data/Plaque 2 test/D21_D1.jpg,D21,D1,,,
19,28,29256.395,193.0036245,/app/data/Plaque 2 test/D21_D1.jpg,D21,D1,,,
19,29,39083.87864,223.0765336,/app/data/Plaque 2 test/D21_D1.jpg,D21,D1,,,
19,30,43735.87151,235.9793235,/app/data/Plaque 2 test/D21_D1.jpg,D21,D1,,,
19,31,49363.47412,250.7020688,/app/data/Plaque 2 test/D21_D1.jpg,D21,D1,,,
19,32,33093.39679,205.2701183,/app/data/Plaque 2 test/D21_D1.jpg,D21,D1,,,
19,33,28245.09221,189.6385202,/app/data/Plaque 2 test/D21_D1.jpg,D21,D1,,,
19,34,44586.55562,238.2632279,/app/data/Plaque 2 test/D21_D1.jpg,D21,D1,,,
19,35,97888.16181,353.0369366,/app/data/Plaque 2 test/D21_D1.jpg,D21,D1,,,
19,36,44318.85782,237.5468845,/app/data/Plaque 2 test/D21_D1.jpg,D21,D1,,,
19,37,30249.85128,196.2531703,/app/data/Plaque 2 test/D21_D1.jpg,D21,D1,,,
19,38,37447.94765,218.3579809,/app/data/Plaque 2 test/D21_D1.jpg,D21,D1,,,
19,39,57566.92445,270.7332353,/app/data/Plaque 2 test/D21_D1.jpg,D21,D1,,,
19,40,51671.62403,256.4963061,/app/data/Plaque 2 test/D21_D1.jpg,D21,D1,,,
19,41,32748.36407,204.1972384,/app/data/Plaque 2 test/D21_D1.jpg,D21,D1,,,
19,42,46162.99822,242.4387651,/app/data/Plaque 2 test/D21_D1.jpg,D21,D1,,,
19,43,46002.37954,242.0166291,/app/data/Plaque 2 test/D21_D1.jpg,D21,D1,,,
19,44,37245.68709,217.7674945,/app/data/Plaque 2 test/D21_D1.jpg,D21,D1,,,
19,45,48024.98513,247.2798217,/app/data/Plaque 2 test/D21_D1.jpg,D21,D1,,,
19,46,38834.02736,222.3623604,/app/data/Plaque 2 test/D21_D1.jpg,D21,D1,,,
19,47,58935.15764,273.9316946,/app/data/Plaque 2 test/D21_D1.jpg,D21,D1,,,
19,48,61885.78227,280.7052284,/app/data/Plaque 2 test/D21_D1.jpg,D21,D1,,,
19,49,41273.05175,229.2389182,/app/data/Plaque 2 test/D21_D1.jpg,D21,D1,,,
19,50,46406.90065,243.0783846,/app/data/Plaque 2 test/D21_D1.jpg,D21,D1,,,
19,51,62950.62463,283.1099162,/app/data/Plaque 2 test/D21_D1.jpg,D21,D1,,,
19,52,43123.14099,234.3204822,/app/data/Plaque 2 test/D21_D1.jpg,D21,D1,,,
19,53,65371.8025,288.5029706,/app/data/Plaque 2 test/D21_D1.jpg,D21,D1,,,
19,54,63938.13206,285.3218501,/app/data/Plaque 2 test/D21_D1.jpg,D21,D1,,,
19,55,58209.39917,272.2398004,/app/data/Plaque 2 test/D21_D1.jpg,D21,D1,,,
20,1,36168.94706,214.5966768,/app/data/Plaque 2 test/D21_D2.jpg,D21,D2,,,
20,2,36763.83105,216.3542547,/app/data/Plaque 2 test/D21_D2.jpg,D21,D2,,,
20,3,41564.54491,230.0470001,/app/data/Plaque 2 test/D21_D2.jpg,D21,D2,,,
20,4,39565.73468,224.4474504,/app/data/Plaque 2 test/D21_D2.jpg,D21,D2,,,
20,5,48881.61808,249.475468,/app/data/Plaque 2 test/D21_D2.jpg,D21,D2,,,
20,6,43462.22487,235.2399273,/app/data/Plaque 2 test/D21_D2.jpg,D21,D2,,,
20,7,35258.77454,211.8793667,/app/data/Plaque 2 test/D21_D2.jpg,D21,D2,,,
20,8,42427.12671,232.4218051,/app/data/Plaque 2 test/D21_D2.jpg,D21,D2,,,
20,9,62569.89887,282.2524926,/app/data/Plaque 2 test/D21_D2.jpg,D21,D2,,,
20,10,38488.99465,221.3723335,/app/data/Plaque 2 test/D21_D2.jpg,D21,D2,,,
20,11,35187.38846,211.6647691,/app/data/Plaque 2 test/D21_D2.jpg,D21,D2,,,
20,12,45223.0815,239.9579457,/app/data/Plaque 2 test/D21_D2.jpg,D21,D2,,,
20,13,38096.37121,220.2403377,/app/data/Plaque 2 test/D21_D2.jpg,D21,D2,,,
20,14,30374.77692,196.6579954,/app/data/Plaque 2 test/D21_D2.jpg,D21,D2,,,
20,15,50077.33492,252.5083031,/app/data/Plaque 2 test/D21_D2.jpg,D21,D2,,,
20,16,38958.953,222.7197333,/app/data/Plaque 2 test/D21_D2.jpg,D21,D2,,,
20,17,45365.85366,240.3364285,/app/data/Plaque 2 test/D21_D2.jpg,D21,D2,,,
20,18,42558.00119,232.7800036,/app/data/Plaque 2 test/D21_D2.jpg,D21,D2,,,
20,19,40440.21416,226.9142566,/app/data/Plaque 2 test/D21_D2.jpg,D21,D2,,,
20,20,36484.23557,215.5299782,/app/data/Plaque 2 test/D21_D2.jpg,D21,D2,,,
20,21,34735.27662,210.3005654,/app/data/Plaque 2 test/D21_D2.jpg,D21,D2,,,
20,22,46775.72873,244.0424298,/app/data/Plaque 2 test/D21_D2.jpg,D21,D2,,,
20,23,33581.20167,206.7774502,/app/data/Plaque 2 test/D21_D2.jpg,D21,D2,,,
20,24,46948.24509,244.4920494,/app/data/Plaque 2 test/D21_D2.jpg,D21,D2,,,
20,25,30458.06068,196.9274164,/app/data/Plaque 2 test/D21_D2.jpg,D21,D2,,,
20,26,44057.10886,236.844365,/app/data/Plaque 2 test/D21_D2.jpg,D21,D2,,,
20,27,34979.17906,211.0376128,/app/data/Plaque 2 test/D21_D2.jpg,D21,D2,,,
20,28,31362.28435,199.8291787,/app/data/Plaque 2 test/D21_D2.jpg,D21,D2,,,
20,29,38221.29685,220.6011482,/app/data/Plaque 2 test/D21_D2.jpg,D21,D2,,,
20,30,37662.10589,218.9814662,/app/data/Plaque 2 test/D21_D2.jpg,D21,D2,,,
20,31,61362.28435,279.5154504,/app/data/Plaque 2 test/D21_D2.jpg,D21,D2,,,
20,32,31986.91255,201.8093208,/app/data/Plaque 2 test/D21_D2.jpg,D21,D2,,,
20,33,51160.0238,255.2233638,/app/data/Plaque 2 test/D21_D2.jpg,D21,D2,,,
20,34,31814.39619,201.2643717,/app/data/Plaque 2 test/D21_D2.jpg,D21,D2,,,
20,35,42897.08507,233.7055093,/app/data/Plaque 2 test/D21_D2.jpg,D21,D2,,,
20,36,38435.45509,221.2183115,/app/data/Plaque 2 test/D21_D2.jpg,D21,D2,,,
20,37,24497.32302,176.6096272,/app/data/Plaque 2 test/D21_D2.jpg,D21,D2,,,
20,38,43426.53183,235.1433129,/app/data/Plaque 2 test/D21_D2.jpg,D21,D2,,,
20,39,44271.2671,237.4193083,/app/data/Plaque 2 test/D21_D2.jpg,D21,D2,,,
20,40,58024.98513,271.8082148,/app/data/Plaque 2 test/D21_D2.jpg,D21,D2,,,
20,41,21041.047,163.6774056,/app/data/Plaque 2 test/D21_D2.jpg,D21,D2,,,
20,42,35645.44914,213.0380141,/app/data/Plaque 2 test/D21_D2.jpg,D21,D2,,,
20,43,61737.06127,280.3677367,/app/data/Plaque 2 test/D21_D2.jpg,D21,D2,,,
20,44,29202.85544,192.8269441,/app/data/Plaque 2 test/D21_D2.jpg,D21,D2,,,
20,45,26216.53778,182.7017587,/app/data/Plaque 2 test/D21_D2.jpg,D21,D2,,,
20,46,47656.15705,246.3284468,/app/data/Plaque 2 test/D21_D2.jpg,D21,D2,,,
20,47,55574.06306,266.0058171,/app/data/Plaque 2 test/D21_D2.jpg,D21,D2,,,
20,48,27810.82689,188.175037,/app/data/Plaque 2 test/D21_D2.jpg,D21,D2,,,
20,49,32177.27543,202.4089413,/app/data/Plaque 2 test/D21_D2.jpg,D21,D2,,,
20,50,36710.29149,216.1966578,/app/data/Plaque 2 test/D21_D2.jpg,D21,D2,,,
20,51,48352.17133,248.1207299,/app/data/Plaque 2 test/D21_D2.jpg,D21,D2,,,
20,52,32831.64783,204.4567248,/app/data/Plaque 2 test/D21_D2.jpg,D21,D2,,,
20,53,46900.65437,244.368099,/app/data/Plaque 2 test/D21_D2.jpg,D21,D2,,,
20,54,37328.97085,218.0108297,/app/data/Plaque 2 test/D21_D2.jpg,D21,D2,,,
20,55,39577.63236,224.4811943,/app/data/Plaque 2 test/D21_D2.jpg,D21,D2,,,
21,1,73254.01547,305.4012268,/app/data/Plaque 2 test/D21_D3.jpg,D21,D3,,,
21,2,71427.72159,301.5702235,/app/data/Plaque 2 test/D21_D3.jpg,D21,D3,,,
21,3,59744.19988,275.8055073,/app/data/Plaque 2 test/D21_D3.jpg,D21,D3,,,
21,4,71118.38192,300.9164938,/app/data/Plaque 2 test/D21_D3.jpg,D21,D3,,,
21,5,53831.05294,261.8011179,/app/data/Plaque 2 test/D21_D3.jpg,D21,D3,,,
21,6,47894.11065,246.9426566,/app/data/Plaque 2 test/D21_D3.jpg,D21,D3,,,
21,7,37674.00357,219.0160523,/app/data/Plaque 2 test/D21_D3.jpg,D21,D3,,,
21,8,41261.15407,229.2058748,/app/data/Plaque 2 test/D21_D3.jpg,D21,D3,,,
21,9,54229.62522,262.7685357,/app/data/Plaque 2 test/D21_D3.jpg,D21,D3,,,
21,10,70339.08388,299.2632673,/app/data/Plaque 2 test/D21_D3.jpg,D21,D3,,,
21,11,41142.17728,228.8751779,/app/data/Plaque 2 test/D21_D3.jpg,D21,D3,,,
21,12,40594.884,227.3477768,/app/data/Plaque 2 test/D21_D3.jpg,D21,D3,,,
21,13,43777.51338,236.0916373,/app/data/Plaque 2 test/D21_D3.jpg,D21,D3,,,
21,14,37120.76145,217.4019812,/app/data/Plaque 2 test/D21_D3.jpg,D21,D3,,,
21,15,40856.63296,228.0795492,/app/data/Plaque 2 test/D21_D3.jpg,D21,D3,,,
21,16,62278.40571,281.594263,/app/data/Plaque 2 test/D21_D3.jpg,D21,D3,,,
21,17,54580.60678,263.6175012,/app/data/Plaque 2 test/D21_D3.jpg,D21,D3,,,
21,18,36936.34741,216.8612878,/app/data/Plaque 2 test/D21_D3.jpg,D21,D3,,,
21,19,38774.53896,222.1919808,/app/data/Plaque 2 test/D21_D3.jpg,D21,D3,,,
21,20,39672.8138,224.750963,/app/data/Plaque 2 test/D21_D3.jpg,D21,D3,,,
21,21,42064.24747,231.4257188,/app/data/Plaque 2 test/D21_D3.jpg,D21,D3,,,
21,22,41231.40988,229.1232453,/app/data/Plaque 2 test/D21_D3.jpg,D21,D3,,,
21,23,37697.79893,219.085208,/app/data/Plaque 2 test/D21_D3.jpg,D21,D3,,,
21,24,61885.78227,280.7052284,/app/data/Plaque 2 test/D21_D3.jpg,D21,D3,,,
21,25,36335.51457,215.0902463,/app/data/Plaque 2 test/D21_D3.jpg,D21,D3,,,
21,26,38732.89709,222.0726373,/app/data/Plaque 2 test/D21_D3.jpg,D21,D3,,,
21,27,40160.61868,226.1284764,/app/data/Plaque 2 test/D21_D3.jpg,D21,D3,,,
21,28,71671.62403,302.0846669,/app/data/Plaque 2 test/D21_D3.jpg,D21,D3,,,
21,29,41933.37299,231.0654209,/app/data/Plaque 2 test/D21_D3.jpg,D21,D3,,,
21,30,42617.48959,232.942639,/app/data/Plaque 2 test/D21_D3.jpg,D21,D3,,,
21,31,47781.08269,246.6510976,/app/data/Plaque 2 test/D21_D3.jpg,D21,D3,,,
21,32,44961.33254,239.2625056,/app/data/Plaque 2 test/D21_D3.jpg,D21,D3,,,
21,33,34800.71386,210.4985631,/app/data/Plaque 2 test/D21_D3.jpg,D21,D3,,,
21,34,36216.53778,214.7378124,/app/data/Plaque 2 test/D21_D3.jpg,D21,D3,,,
21,35,44901.84414,239.1041689,/app/data/Plaque 2 test/D21_D3.jpg,D21,D3,,,
21,36,37620.46401,218.8603721,/app/data/Plaque 2 test/D21_D3.jpg,D21,D3,,,
21,37,43628.79239,235.6902708,/app/data/Plaque 2 test/D21_D3.jpg,D21,D3,,,
21,38,41130.2796,228.8420819,/app/data/Plaque 2 test/D21_D3.jpg,D21,D3,,,
21,39,52671.02915,258.9649343,/app/data/Plaque 2 test/D21_D3.jpg,D21,D3,,,
21,40,39637.12076,224.6498377,/app/data/Plaque 2 test/D21_D3.jpg,D21,D3,,,
21,41,35574.06306,212.8245847,/app/data/Plaque 2 test/D21_D3.jpg,D21,D3,,,
21,42,38631.76681,221.7825358,/app/data/Plaque 2 test/D21_D3.jpg,D21,D3,,,
21,43,39506.24628,224.2786549,/app/data/Plaque 2 test/D21_D3.jpg,D21,D3,,,
21,44,39964.30696,225.5751227,/app/data/Plaque 2 test/D21_D3.jpg,D21,D3,,,
21,45,39803.68828,225.1213671,/app/data/Plaque 2 test/D21_D3.jpg,D21,D3,,,
21,46,58143.96193,272.0867355,/app/data/Plaque 2 test/D21_D3.jpg,D21,D3,,,
21,47,48964.90184,249.6879039,/app/data/Plaque 2 test/D21_D3.jpg,D21,D3,,,
21,48,40404.52112,226.8140958,/app/data/Plaque 2 test/D21_D3.jpg,D21,D3,,,
21,49,36989.88697,217.0184021,/app/data/Plaque 2 test/D21_D3.jpg,D21,D3,,,
21,50,45621.65378,241.0130571,/app/data/Plaque 2 test/D21_D3.jpg,D21,D3,,,
21,51,42040.45211,231.3602518,/app/data/Plaque 2 test/D21_D3.jpg,D21,D3,,,
21,52,55907.1981,266.801903,/app/data/Plaque 2 test/D21_D3.jpg,D21,D3,,,
21,53,44901.84414,239.1041689,/app/data/Plaque 2 test/D21_D3.jpg,D21,D3,,,
21,54,48417.60857,248.2885698,/app/data/Plaque 2 test/D21_D3.jpg,D21,D3,,,
21,55,43182.62939,234.4820492,/app/data/Plaque 2 test/D21_D3.jpg,D21,D3,,,
22,1,55675.19334,266.2477377,/app/data/Plaque 2 test/D21_D4.jpg,D21,D4,,,
22,2,74592.50446,308.1787248,/app/data/Plaque 2 test/D21_D4.jpg,D21,D4,,,
22,3,58024.98513,271.8082148,/app/data/Plaque 2 test/D21_D4.jpg,D21,D4,,,
22,4,48762.64128,249.1716741,/app/data/Plaque 2 test/D21_D4.jpg,D21,D4,,,
22,5,54848.30458,264.2631839,/app/data/Plaque 2 test/D21_D4.jpg,D21,D4,,,
22,6,64800.71386,287.240024,/app/data/Plaque 2 test/D21_D4.jpg,D21,D4,,,
22,7,39369.42296,223.8899421,/app/data/Plaque 2 test/D21_D4.jpg,D21,D4,,,
22,8,32873.28971,204.5863447,/app/data/Plaque 2 test/D21_D4.jpg,D21,D4,,,
22,9,45907.1981,241.7661267,/app/data/Plaque 2 test/D21_D4.jpg,D21,D4,,,
22,10,49321.83224,250.5963033,/app/data/Plaque 2 test/D21_D4.jpg,D21,D4,,,
22,11,32468.76859,203.3236832,/app/data/Plaque 2 test/D21_D4.jpg,D21,D4,,,
22,12,33468.17371,206.4291701,/app/data/Plaque 2 test/D21_D4.jpg,D21,D4,,,
22,13,57019.63117,269.4432208,/app/data/Plaque 2 test/D21_D4.jpg,D21,D4,,,
22,14,33831.05294,207.5452588,/app/data/Plaque 2 test/D21_D4.jpg,D21,D4,,,
22,15,33384.88995,206.1721661,/app/data/Plaque 2 test/D21_D4.jpg,D21,D4,,,
22,16,43444.37835,235.1916251,/app/data/Plaque 2 test/D21_D4.jpg,D21,D4,,,
22,17,58953.00416,273.9731669,/app/data/Plaque 2 test/D21_D4.jpg,D21,D4,,,
22,18,43075.55027,234.1911484,/app/data/Plaque 2 test/D21_D4.jpg,D21,D4,,,
22,19,32504.46163,203.4354097,/app/data/Plaque 2 test/D21_D4.jpg,D21,D4,,,
22,20,36829.26829,216.5467173,/app/data/Plaque 2 test/D21_D4.jpg,D21,D4,,,
22,21,51618.08447,256.3633874,/app/data/Plaque 2 test/D21_D4.jpg,D21,D4,,,
22,22,51986.91255,257.2776572,/app/data/Plaque 2 test/D21_D4.jpg,D21,D4,,,
22,23,35800.11898,213.4997124,/app/data/Plaque 2 test/D21_D4.jpg,D21,D4,,,
22,24,28370.01785,190.057435,/app/data/Plaque 2 test/D21_D4.jpg,D21,D4,,,
22,25,82498.51279,324.0993194,/app/data/Plaque 2 test/D21_D4.jpg,D21,D4,,,
22,26,34170.13682,208.582764,/app/data/Plaque 2 test/D21_D4.jpg,D21,D4,,,
22,27,48786.43664,249.2324625,/app/data/Plaque 2 test/D21_D4.jpg,D21,D4,,,
22,28,34074.95538,208.2920562,/app/data/Plaque 2 test/D21_D4.jpg,D21,D4,,,
22,29,33069.60143,205.1963067,/app/data/Plaque 2 test/D21_D4.jpg,D21,D4,,,
22,30,57656.15705,270.9429814,/app/data/Plaque 2 test/D21_D4.jpg,D21,D4,,,
22,31,65871.50506,289.6035309,/app/data/Plaque 2 test/D21_D4.jpg,D21,D4,,,
22,32,32653.18263,203.900278,/app/data/Plaque 2 test/D21_D4.jpg,D21,D4,,,
22,33,36287.92385,214.9493421,/app/data/Plaque 2 test/D21_D4.jpg,D21,D4,,,
22,34,35234.97918,211.8078583,/app/data/Plaque 2 test/D21_D4.jpg,D21,D4,,,
22,35,52337.89411,258.1446813,/app/data/Plaque 2 test/D21_D4.jpg,D21,D4,,,
22,36,37757.28733,219.2580017,/app/data/Plaque 2 test/D21_D4.jpg,D21,D4,,,
22,37,36936.34741,216.8612878,/app/data/Plaque 2 test/D21_D4.jpg,D21,D4,,,
22,38,36972.04045,216.9660433,/app/data/Plaque 2 test/D21_D4.jpg,D21,D4,,,
22,39,45258.77454,240.0526223,/app/data/Plaque 2 test/D21_D4.jpg,D21,D4,,,
22,40,46728.13801,243.918251,/app/data/Plaque 2 test/D21_D4.jpg,D21,D4,,,
22,41,30095.18144,195.7507985,/app/data/Plaque 2 test/D21_D4.jpg,D21,D4,,,
22,42,30791.19572,198.0014344,/app/data/Plaque 2 test/D21_D4.jpg,D21,D4,,,
22,43,46977.98929,244.5694864,/app/data/Plaque 2 test/D21_D4.jpg,D21,D4,,,
22,44,41546.69839,229.9976073,/app/data/Plaque 2 test/D21_D4.jpg,D21,D4,,,
22,45,32409.28019,203.1373357,/app/data/Plaque 2 test/D21_D4.jpg,D21,D4,,,
22,46,34122.5461,208.4374608,/app/data/Plaque 2 test/D21_D4.jpg,D21,D4,,,
22,47,50582.98632,253.779941,/app/data/Plaque 2 test/D21_D4.jpg,D21,D4,,,
22,48,35270.67222,211.9151119,/app/data/Plaque 2 test/D21_D4.jpg,D21,D4,,,
22,49,38500.89233,221.406546,/app/data/Plaque 2 test/D21_D4.jpg,D21,D4,,,
22,50,67257.58477,292.6346128,/app/data/Plaque 2 test/D21_D4.jpg,D21,D4,,,
22,51,49268.29268,250.4602534,/app/data/Plaque 2 test/D21_D4.jpg,D21,D4,,,
22,52,44610.35098,238.3267987,/app/data/Plaque 2 test/D21_D4.jpg,D21,D4,,,
22,53,72004.75907,302.785909,/app/data/Plaque 2 test/D21_D4.jpg,D21,D4,,,
22,54,52040.45211,257.4101038,/app/data/Plaque 2 test/D21_D4.jpg,D21,D4,,,
22,55,52076.14515,257.4983638,/app/data/Plaque 2 test/D21_D4.jpg,D21,D4,,,
23,1,44247.47174,237.3554945,/app/data/Plaque 2 test/D21_D5.jpg,D21,D5,,,
23,2,47358.71505,245.5585242,/app/data/Plaque 2 test/D21_D5.jpg,D21,D5,,,
23,3,36139.20286,214.5084199,/app/data/Plaque 2 test/D21_D5.jpg,D21,D5,,,
23,4,41528.85187,229.9482038,/app/data/Plaque 2 test/D21_D5.jpg,D21,D5,,,
23,5,52212.96847,257.8364137,/app/data/Plaque 2 test/D21_D5.jpg,D21,D5,,,
23,6,41713.26591,230.4581951,/app/data/Plaque 2 test/D21_D5.jpg,D21,D5,,,
23,7,38143.96193,220.377859,/app/data/Plaque 2 test/D21_D5.jpg,D21,D5,,,
23,8,33759.66686,207.3261751,/app/data/Plaque 2 test/D21_D5.jpg,D21,D5,,,
23,9,50047.59072,252.4333013,/app/data/Plaque 2 test/D21_D5.jpg,D21,D5,,,
23,10,30577.03748,197.3116653,/app/data/Plaque 2 test/D21_D5.jpg,D21,D5,,,
23,11,31433.67043,200.0564726,/app/data/Plaque 2 test/D21_D5.jpg,D21,D5,,,
23,12,39381.32064,223.92377,/app/data/Plaque 2 test/D21_D5.jpg,D21,D5,,,
23,13,47941.70137,247.0653153,/app/data/Plaque 2 test/D21_D5.jpg,D21,D5,,,
23,14,33146.93635,205.4360975,/app/data/Plaque 2 test/D21_D5.jpg,D21,D5,,,
23,15,31671.62403,200.812261,/app/data/Plaque 2 test/D21_D5.jpg,D21,D5,,,
23,16,40029.7442,225.7597247,/app/data/Plaque 2 test/D21_D5.jpg,D21,D5,,,
23,17,39756.09756,224.9867453,/app/data/Plaque 2 test/D21_D5.jpg,D21,D5,,,
23,18,30350.98156,196.5809501,/app/data/Plaque 2 test/D21_D5.jpg,D21,D5,,,
23,19,33396.78763,206.2089006,/app/data/Plaque 2 test/D21_D5.jpg,D21,D5,,,
23,20,31653.77751,200.7556756,/app/data/Plaque 2 test/D21_D5.jpg,D21,D5,,,
23,21,46311.71921,242.8289774,/app/data/Plaque 2 test/D21_D5.jpg,D21,D5,,,
23,22,37031.52885,217.1405235,/app/data/Plaque 2 test/D21_D5.jpg,D21,D5,,,
23,23,28566.32957,190.7138706,/app/data/Plaque 2 test/D21_D5.jpg,D21,D5,,,
23,24,37834.62225,219.4824303,/app/data/Plaque 2 test/D21_D5.jpg,D21,D5,,,
23,25,42908.98275,233.7379166,/app/data/Plaque 2 test/D21_D5.jpg,D21,D5,,,
23,26,31261.15407,199.5067357,/app/data/Plaque 2 test/D21_D5.jpg,D21,D5,,,
23,27,37798.92921,219.3788764,/app/data/Plaque 2 test/D21_D5.jpg,D21,D5,,,
23,28,32647.23379,203.8817037,/app/data/Plaque 2 test/D21_D5.jpg,D21,D5,,,
23,29,56049.97026,267.1423565,/app/data/Plaque 2 test/D21_D5.jpg,D21,D5,,,
23,30,38941.10648,222.6687151,/app/data/Plaque 2 test/D21_D5.jpg,D21,D5,,,
23,31,33729.92267,207.2348218,/app/data/Plaque 2 test/D21_D5.jpg,D21,D5,,,
23,32,40725.75848,227.7139569,/app/data/Plaque 2 test/D21_D5.jpg,D21,D5,,,
23,33,35776.32362,213.4287469,/app/data/Plaque 2 test/D21_D5.jpg,D21,D5,,,
23,34,43854.8483,236.3000785,/app/data/Plaque 2 test/D21_D5.jpg,D21,D5,,,
23,35,35901.24926,213.801053,/app/data/Plaque 2 test/D21_D5.jpg,D21,D5,,,
23,36,37364.66389,218.115033,/app/data/Plaque 2 test/D21_D5.jpg,D21,D5,,,
23,37,36609.16121,215.8986608,/app/data/Plaque 2 test/D21_D5.jpg,D21,D5,,,
23,38,54419.9881,263.2293313,/app/data/Plaque 2 test/D21_D5.jpg,D21,D5,,,
23,39,53444.37835,260.8591496,/app/data/Plaque 2 test/D21_D5.jpg,D21,D5,,,
23,40,59060.08328,274.2218692,/app/data/Plaque 2 test/D21_D5.jpg,D21,D5,,,
23,41,41618.08447,230.1951149,/app/data/Plaque 2 test/D21_D5.jpg,D21,D5,,,
23,42,53188.57823,260.2341275,/app/data/Plaque 2 test/D21_D5.jpg,D21,D5,,,
23,43,39089.82748,223.0935099,/app/data/Plaque 2 test/D21_D5.jpg,D21,D5,,,
23,44,42944.67579,233.8351117,/app/data/Plaque 2 test/D21_D5.jpg,D21,D5,,,
23,45,42795.95479,233.4298653,/app/data/Plaque 2 test/D21_D5.jpg,D21,D5,,,
23,46,53242.11779,260.3650703,/app/data/Plaque 2 test/D21_D5.jpg,D21,D5,,,
23,47,38590.12493,221.6629719,/app/data/Plaque 2 test/D21_D5.jpg,D21,D5,,,
23,48,67787.03153,293.784154,/app/data/Plaque 2 test/D21_D5.jpg,D21,D5,,,
23,49,60142.77216,276.7239705,/app/data/Plaque 2 test/D21_D5.jpg,D21,D5,,,
23,50,60053.53956,276.5186094,/app/data/Plaque 2 test/D21_D5.jpg,D21,D5,,,
23,51,63254.01547,283.791321,/app/data/Plaque 2 test/D21_D5.jpg,D21,D5,,,
23,52,50832.8376,254.4059335,/app/data/Plaque 2 test/D21_D5.jpg,D21,D5,,,
23,53,57334.91969,270.1871334,/app/data/Plaque 2 test/D21_D5.jpg,D21,D5,,,
23,54,50832.8376,254.4059335,/app/data/Plaque 2 test/D21_D5.jpg,D21,D5,,,
24,1,42331.94527,232.16095,/app/data/Plaque 2 test/D21_D6.jpg,D21,D6,,,
24,2,38084.47353,220.2059439,/app/data/Plaque 2 test/D21_D6.jpg,D21,D6,,,
24,3,51731.11243,256.6439129,/app/data/Plaque 2 test/D21_D6.jpg,D21,D6,,,
24,4,62325.99643,281.7018341,/app/data/Plaque 2 test/D21_D6.jpg,D21,D6,,,
24,5,38857.82272,222.4304757,/app/data/Plaque 2 test/D21_D6.jpg,D21,D6,,,
24,6,33462.22487,206.4108232,/app/data/Plaque 2 test/D21_D6.jpg,D21,D6,,,
24,7,59559.78584,275.3795101,/app/data/Plaque 2 test/D21_D6.jpg,D21,D6,,,
24,8,30118.9768,195.8281704,/app/data/Plaque 2 test/D21_D6.jpg,D21,D6,,,
24,9,50779.29804,254.271922,/app/data/Plaque 2 test/D21_D6.jpg,D21,D6,,,
24,10,46246.28198,242.6573613,/app/data/Plaque 2 test/D21_D6.jpg,D21,D6,,,
24,11,42325.99643,232.1446369,/app/data/Plaque 2 test/D21_D6.jpg,D21,D6,,,
24,12,34949.43486,210.9478669,/app/data/Plaque 2 test/D21_D6.jpg,D21,D6,,,
24,13,33438.42951,206.3374197,/app/data/Plaque 2 test/D21_D6.jpg,D21,D6,,,
24,14,30779.29804,197.9631769,/app/data/Plaque 2 test/D21_D6.jpg,D21,D6,,,
24,15,48649.61333,248.8827264,/app/data/Plaque 2 test/D21_D6.jpg,D21,D6,,,
24,16,42088.04283,231.4911672,/app/data/Plaque 2 test/D21_D6.jpg,D21,D6,,,
24,17,57900.05949,271.5154607,/app/data/Plaque 2 test/D21_D6.jpg,D21,D6,,,
24,18,40820.93992,227.9799003,/app/data/Plaque 2 test/D21_D6.jpg,D21,D6,,,
24,19,49286.1392,250.5056116,/app/data/Plaque 2 test/D21_D6.jpg,D21,D6,,,
24,20,35121.95122,211.4678632,/app/data/Plaque 2 test/D21_D6.jpg,D21,D6,,,
24,21,32147.53123,202.3153678,/app/data/Plaque 2 test/D21_D6.jpg,D21,D6,,,
24,22,48548.48305,248.6239097,/app/data/Plaque 2 test/D21_D6.jpg,D21,D6,,,
24,23,38465.19929,221.3038925,/app/data/Plaque 2 test/D21_D6.jpg,D21,D6,,,
24,24,49405.116,250.8077898,/app/data/Plaque 2 test/D21_D6.jpg,D21,D6,,,
24,25,55722.78406,266.3615066,/app/data/Plaque 2 test/D21_D6.jpg,D21,D6,,,
24,26,33973.8251,207.9827339,/app/data/Plaque 2 test/D21_D6.jpg,D21,D6,,,
24,27,38720.99941,222.0385274,/app/data/Plaque 2 test/D21_D6.jpg,D21,D6,,,
24,28,55669.2445,266.2335131,/app/data/Plaque 2 test/D21_D6.jpg,D21,D6,,,
24,29,30797.14456,198.0205603,/app/data/Plaque 2 test/D21_D6.jpg,D21,D6,,,
24,30,43688.28079,235.8508994,/app/data/Plaque 2 test/D21_D6.jpg,D21,D6,,,
24,31,50410.46996,253.3468054,/app/data/Plaque 2 test/D21_D6.jpg,D21,D6,,,
24,32,57549.07793,270.6912665,/app/data/Plaque 2 test/D21_D6.jpg,D21,D6,,,
24,33,46519.92861,243.3742236,/app/data/Plaque 2 test/D21_D6.jpg,D21,D6,,,
24,34,43325.40155,234.8693563,/app/data/Plaque 2 test/D21_D6.jpg,D21,D6,,,
24,35,45758.4771,241.3741961,/app/data/Plaque 2 test/D21_D6.jpg,D21,D6,,,
24,36,45086.25818,239.594672,/app/data/Plaque 2 test/D21_D6.jpg,D21,D6,,,
24,37,45520.5235,240.7457801,/app/data/Plaque 2 test/D21_D6.jpg,D21,D6,,,
24,38,48893.51576,249.5058271,/app/data/Plaque 2 test/D21_D6.jpg,D21,D6,,,
24,39,56400.95181,267.9774659,/app/data/Plaque 2 test/D21_D6.jpg,D21,D6,,,
24,40,81403.92623,321.9420724,/app/data/Plaque 2 test/D21_D6.jpg,D21,D6,,,
24,41,41552.64723,230.0140727,/app/data/Plaque 2 test/D21_D6.jpg,D21,D6,,,
24,42,37370.61273,218.1323954,/app/data/Plaque 2 test/D21_D6.jpg,D21,D6,,,
24,43,40059.4884,225.8435847,/app/data/Plaque 2 test/D21_D6.jpg,D21,D6,,,
24,44,40249.85128,226.3795537,/app/data/Plaque 2 test/D21_D6.jpg,D21,D6,,,
24,45,44271.2671,237.4193083,/app/data/Plaque 2 test/D21_D6.jpg,D21,D6,,,
24,46,75240.92802,309.5153065,/app/data/Plaque 2 test/D21_D6.jpg,D21,D6,,,
24,47,66835.21713,291.7143148,/app/data/Plaque 2 test/D21_D6.jpg,D21,D6,,,
24,48,54182.0345,262.6532104,/app/data/Plaque 2 test/D21_D6.jpg,D21,D6,,,
24,49,41302.79595,229.321506,/app/data/Plaque 2 test/D21_D6.jpg,D21,D6,,,
24,50,37418.20345,218.2712448,/app/data/Plaque 2 test/D21_D6.jpg,D21,D6,,,
24,51,74158.23914,307.2803323,/app/data/Plaque 2 test/D21_D6.jpg,D21,D6,,,
24,52,54997.02558,264.6212157,/app/data/Plaque 2 test/D21_D6.jpg,D21,D6,,,
24,53,64271.2671,286.0641866,/app/data/Plaque 2 test/D21_D6.jpg,D21,D6,,,
24,54,52278.40571,257.9979331,/app/data/Plaque 2 test/D21_D6.jpg,D21,D6,,,
24,55,58072.57585,271.9196573,/app/data/Plaque 2 test/D21_D6.jpg,D21,D6,,,